Age,G,MP,FGA,3P,3P%,2PA,FT,FT%,DRB,AST,BLK,PF,Rk,Pos,Tm,GS,FG,FG%,3PA,2P,2P%,FTA,ORB,TRB,STL,TOV,PTS
21.0,35.0,491.0,145.0,0.0,0.0,145.0,44.0,0.5429999999999999,95.0,20.0,19.0,58.0,1.0,PF,MIA,2.0,84.0,0.579,0.0,84.0,0.579,81.0,46.0,141.0,15.0,32.0,212.0
24.0,7.0,18.0,8.0,0.0,0.0,6.0,0.0,0.0,3.0,2.0,0.0,1.0,2.0,PG,MIL,0.0,1.0,0.125,2.0,1.0,0.16699999999999998,0.0,0.0,3.0,0.0,0.0,2.0
27.0,33.0,918.0,187.0,0.0,0.0,186.0,35.0,0.443,161.0,69.0,20.0,63.0,3.0,C,NOP,33.0,115.0,0.615,1.0,115.0,0.618,79.0,133.0,294.0,29.0,50.0,265.0
23.0,33.0,1119.0,419.0,2.0,0.333,413.0,160.0,0.847,241.0,179.0,34.0,80.0,4.0,C,MIA,33.0,236.0,0.563,6.0,234.0,0.5670000000000001,189.0,72.0,313.0,29.0,98.0,634.0
35.0,21.0,544.0,248.0,27.0,0.36,173.0,31.0,0.838,77.0,36.0,18.0,36.0,5.0,C,SAS,18.0,115.0,0.464,75.0,88.0,0.509,37.0,17.0,94.0,8.0,20.0,288.0
22.0,3.0,8.0,3.0,0.0,0.0,2.0,0.0,0.0,1.0,1.0,0.0,1.0,6.0,SG,PHO,0.0,0.0,0.0,1.0,0.0,0.0,0.0,0.0,1.0,0.0,0.0,0.0
22.0,28.0,495.0,211.0,30.0,0.306,113.0,28.0,0.8,61.0,54.0,9.0,44.0,7.0,SG,NOP,3.0,86.0,0.408,98.0,56.0,0.496,35.0,5.0,66.0,28.0,32.0,230.0
25.0,23.0,551.0,164.0,46.0,0.407,51.0,34.0,0.895,57.0,50.0,3.0,30.0,8.0,SG,MEM,12.0,67.0,0.409,113.0,21.0,0.412,38.0,8.0,65.0,23.0,21.0,214.0
22.0,35.0,977.0,257.0,4.0,0.5,249.0,123.0,0.741,235.0,60.0,59.0,55.0,9.0,C,TOT,17.0,172.0,0.669,8.0,168.0,0.675,166.0,111.0,346.0,16.0,54.0,471.0
22.0,12.0,320.0,65.0,0.0,0.0,65.0,46.0,0.754,87.0,20.0,19.0,21.0,9.0,C,BRK,5.0,44.0,0.677,0.0,44.0,0.677,61.0,38.0,125.0,7.0,22.0,134.0
22.0,23.0,657.0,192.0,4.0,0.5,184.0,77.0,0.733,148.0,40.0,40.0,34.0,9.0,C,CLE,12.0,128.0,0.667,8.0,124.0,0.674,105.0,73.0,221.0,9.0,32.0,337.0
30.0,9.0,163.0,43.0,6.0,0.4,28.0,7.0,0.778,28.0,15.0,5.0,9.0,10.0,PF,ORL,6.0,17.0,0.395,15.0,11.0,0.393,9.0,9.0,37.0,8.0,10.0,47.0
27.0,30.0,829.0,306.0,46.0,0.38,185.0,64.0,0.762,155.0,105.0,21.0,54.0,11.0,PF,MEM,30.0,146.0,0.477,121.0,100.0,0.541,84.0,28.0,183.0,36.0,46.0,402.0
26.0,35.0,1189.0,661.0,39.0,0.285,524.0,240.0,0.6609999999999999,344.0,205.0,49.0,106.0,12.0,PF,MIL,35.0,368.0,0.557,137.0,329.0,0.628,363.0,64.0,408.0,44.0,128.0,1015.0
23.0,3.0,19.0,3.0,0.0,0.0,3.0,1.0,0.5,6.0,0.0,2.0,3.0,13.0,PF,LAL,0.0,1.0,0.333,0.0,1.0,0.333,2.0,2.0,8.0,1.0,5.0,3.0
28.0,26.0,227.0,43.0,2.0,0.222,34.0,6.0,0.462,29.0,18.0,6.0,33.0,14.0,SF,MIL,0.0,26.0,0.605,9.0,24.0,0.706,13.0,26.0,55.0,8.0,19.0,60.0
36.0,34.0,870.0,402.0,60.0,0.387,247.0,80.0,0.8420000000000001,94.0,50.0,27.0,72.0,15.0,PF,POR,3.0,166.0,0.413,155.0,106.0,0.429,95.0,19.0,113.0,31.0,35.0,472.0
20.0,25.0,667.0,269.0,27.0,0.325,186.0,46.0,0.836,91.0,94.0,11.0,51.0,16.0,PG,ORL,17.0,101.0,0.375,83.0,74.0,0.398,55.0,20.0,111.0,17.0,51.0,275.0
23.0,23.0,769.0,238.0,49.0,0.395,114.0,40.0,0.755,99.0,38.0,17.0,64.0,17.0,SF,TOR,23.0,114.0,0.479,124.0,65.0,0.57,53.0,33.0,132.0,37.0,38.0,317.0
26.0,18.0,198.0,50.0,11.0,0.344,18.0,8.0,0.889,31.0,23.0,0.0,16.0,18.0,PG,CHI,0.0,21.0,0.42,32.0,10.0,0.556,9.0,2.0,33.0,5.0,4.0,61.0
33.0,34.0,664.0,183.0,45.0,0.366,60.0,35.0,0.897,35.0,103.0,1.0,27.0,19.0,PG,MIL,6.0,64.0,0.35,123.0,19.0,0.317,39.0,11.0,46.0,19.0,30.0,208.0
20.0,30.0,646.0,157.0,31.0,0.35600000000000004,70.0,11.0,0.579,127.0,39.0,6.0,75.0,20.0,SF,WAS,16.0,68.0,0.433,87.0,37.0,0.529,19.0,13.0,140.0,20.0,24.0,178.0
22.0,35.0,1088.0,367.0,4.0,0.235,350.0,66.0,0.75,282.0,59.0,38.0,110.0,21.0,C,PHO,35.0,218.0,0.594,17.0,214.0,0.611,88.0,118.0,400.0,11.0,61.0,506.0
21.0,12.0,49.0,7.0,0.0,0.0,7.0,4.0,0.667,9.0,0.0,4.0,8.0,22.0,C,UTA,0.0,4.0,0.5710000000000001,0.0,4.0,0.5710000000000001,6.0,4.0,13.0,1.0,3.0,12.0
25.0,36.0,886.0,329.0,34.0,0.333,227.0,57.0,0.826,91.0,35.0,3.0,57.0,23.0,SG,ORL,23.0,136.0,0.413,102.0,102.0,0.449,69.0,12.0,103.0,23.0,26.0,363.0
21.0,34.0,888.0,390.0,34.0,0.37,298.0,54.0,0.529,175.0,33.0,16.0,82.0,24.0,PF,SAC,34.0,195.0,0.5,92.0,161.0,0.54,102.0,83.0,258.0,18.0,47.0,478.0
19.0,35.0,1010.0,448.0,70.0,0.378,263.0,81.0,0.802,160.0,221.0,13.0,95.0,25.0,PG,CHO,15.0,201.0,0.449,185.0,131.0,0.498,101.0,51.0,211.0,57.0,99.0,553.0
23.0,33.0,1048.0,409.0,99.0,0.387,153.0,31.0,0.775,117.0,168.0,18.0,71.0,26.0,PG,NOP,33.0,175.0,0.428,256.0,76.0,0.4970000000000001,40.0,20.0,137.0,43.0,66.0,480.0
22.0,17.0,161.0,67.0,7.0,0.368,48.0,4.0,0.667,46.0,4.0,13.0,21.0,27.0,C,ORL,0.0,35.0,0.522,19.0,28.0,0.583,6.0,19.0,65.0,3.0,7.0,81.0
22.0,28.0,639.0,209.0,47.0,0.443,103.0,21.0,0.875,68.0,38.0,4.0,54.0,28.0,SG,MEM,6.0,100.0,0.478,106.0,53.0,0.515,24.0,12.0,80.0,20.0,29.0,268.0
28.0,33.0,1179.0,374.0,56.0,0.392,231.0,128.0,0.826,167.0,118.0,6.0,43.0,29.0,PF,SAC,33.0,184.0,0.4920000000000001,143.0,128.0,0.5539999999999999,155.0,33.0,200.0,26.0,47.0,552.0
20.0,37.0,1227.0,526.0,43.0,0.35,403.0,103.0,0.73,176.0,109.0,8.0,96.0,30.0,SG,NYK,37.0,233.0,0.443,123.0,190.0,0.471,141.0,45.0,221.0,24.0,70.0,612.0
30.0,33.0,986.0,335.0,50.0,0.388,206.0,37.0,0.755,116.0,102.0,14.0,54.0,31.0,SF,DEN,29.0,148.0,0.442,129.0,98.0,0.476,49.0,19.0,135.0,25.0,55.0,383.0
25.0,13.0,107.0,31.0,5.0,0.35700000000000004,17.0,7.0,0.875,14.0,7.0,1.0,5.0,32.0,SF,SAS,0.0,11.0,0.355,14.0,6.0,0.353,8.0,5.0,19.0,6.0,1.0,34.0
32.0,35.0,1031.0,229.0,68.0,0.439,74.0,30.0,0.833,137.0,84.0,13.0,59.0,33.0,SF,LAC,35.0,108.0,0.472,155.0,40.0,0.541,36.0,30.0,167.0,42.0,26.0,314.0
34.0,33.0,649.0,200.0,17.0,0.243,130.0,15.0,0.75,125.0,35.0,11.0,80.0,34.0,C,TOR,26.0,88.0,0.44,70.0,71.0,0.546,20.0,54.0,179.0,10.0,30.0,208.0
31.0,35.0,587.0,175.0,39.0,0.438,86.0,24.0,0.75,91.0,56.0,19.0,77.0,35.0,SF,GSW,1.0,84.0,0.48,89.0,45.0,0.523,32.0,14.0,105.0,30.0,38.0,231.0
20.0,36.0,1104.0,403.0,54.0,0.29,217.0,57.0,0.7040000000000001,248.0,54.0,23.0,31.0,36.0,PF,OKC,36.0,158.0,0.392,186.0,104.0,0.479,81.0,22.0,270.0,18.0,63.0,427.0
27.0,32.0,1143.0,764.0,74.0,0.335,543.0,243.0,0.903,131.0,151.0,14.0,82.0,37.0,SG,WAS,32.0,368.0,0.482,221.0,294.0,0.541,269.0,43.0,174.0,44.0,105.0,1053.0
24.0,33.0,1093.0,550.0,116.0,0.406,264.0,61.0,0.847,126.0,81.0,6.0,54.0,38.0,SG,MIN,32.0,250.0,0.455,286.0,134.0,0.508,72.0,27.0,153.0,27.0,54.0,677.0
26.0,3.0,50.0,15.0,0.0,0.0,13.0,0.0,0.0,11.0,5.0,3.0,4.0,39.0,C,WAS,1.0,5.0,0.333,2.0,5.0,0.385,0.0,5.0,16.0,1.0,3.0,10.0
26.0,27.0,443.0,86.0,8.0,0.364,64.0,14.0,0.7,43.0,53.0,8.0,44.0,40.0,SF,TOR,5.0,49.0,0.57,22.0,41.0,0.6409999999999999,20.0,11.0,54.0,15.0,27.0,120.0
28.0,30.0,783.0,258.0,88.0,0.384,29.0,58.0,0.853,80.0,28.0,7.0,75.0,41.0,PF,WAS,3.0,100.0,0.388,229.0,12.0,0.414,68.0,14.0,94.0,19.0,18.0,346.0
32.0,28.0,678.0,177.0,49.0,0.422,61.0,31.0,0.795,80.0,60.0,22.0,90.0,42.0,PG,LAC,28.0,79.0,0.446,116.0,30.0,0.4920000000000001,39.0,27.0,107.0,25.0,27.0,238.0
21.0,34.0,778.0,264.0,72.0,0.393,81.0,48.0,0.857,115.0,39.0,1.0,54.0,43.0,SF,DET,17.0,108.0,0.409,183.0,36.0,0.444,56.0,18.0,133.0,21.0,23.0,336.0
22.0,4.0,13.0,5.0,0.0,0.0,5.0,2.0,0.5,1.0,0.0,1.0,2.0,44.0,SF,DAL,0.0,2.0,0.4,0.0,2.0,0.4,4.0,2.0,3.0,0.0,0.0,6.0
28.0,35.0,703.0,153.0,4.0,0.308,140.0,51.0,0.7390000000000001,97.0,37.0,25.0,54.0,45.0,C,ORL,1.0,76.0,0.4970000000000001,13.0,72.0,0.514,69.0,90.0,187.0,21.0,19.0,207.0
21.0,16.0,148.0,47.0,2.0,0.133,32.0,10.0,0.769,21.0,4.0,15.0,26.0,46.0,C,IND,0.0,24.0,0.511,15.0,22.0,0.688,13.0,11.0,32.0,3.0,8.0,60.0
28.0,33.0,736.0,137.0,0.0,0.0,136.0,29.0,0.483,113.0,48.0,38.0,81.0,47.0,C,CHO,19.0,78.0,0.569,1.0,78.0,0.574,60.0,71.0,184.0,9.0,30.0,185.0
32.0,19.0,342.0,120.0,15.0,0.333,75.0,30.0,0.789,60.0,42.0,2.0,36.0,48.0,PF,SAC,1.0,58.0,0.483,45.0,43.0,0.573,38.0,20.0,80.0,6.0,24.0,161.0
31.0,35.0,1038.0,363.0,69.0,0.385,184.0,55.0,0.679,108.0,134.0,10.0,54.0,49.0,SG,NOP,34.0,158.0,0.435,179.0,89.0,0.484,81.0,16.0,124.0,28.0,56.0,440.0
25.0,9.0,47.0,11.0,0.0,0.0,7.0,0.0,0.0,2.0,4.0,0.0,4.0,50.0,SF,POR,0.0,2.0,0.182,4.0,2.0,0.28600000000000003,0.0,0.0,2.0,2.0,3.0,4.0
28.0,11.0,249.0,91.0,23.0,0.343,24.0,10.0,0.909,36.0,24.0,2.0,21.0,51.0,SG,ATL,2.0,35.0,0.385,67.0,12.0,0.5,11.0,2.0,38.0,4.0,13.0,103.0
31.0,36.0,1102.0,435.0,98.0,0.405,193.0,92.0,0.852,122.0,70.0,2.0,59.0,52.0,SF,UTA,36.0,188.0,0.4320000000000001,242.0,90.0,0.466,108.0,18.0,140.0,18.0,51.0,566.0
21.0,15.0,84.0,22.0,5.0,0.5,12.0,1.0,0.5,11.0,4.0,5.0,9.0,53.0,PF,DEN,2.0,11.0,0.5,10.0,6.0,0.5,2.0,0.0,11.0,2.0,8.0,28.0
22.0,6.0,29.0,3.0,0.0,0.0,3.0,5.0,0.625,3.0,0.0,2.0,0.0,54.0,C,CLE,0.0,1.0,0.333,0.0,1.0,0.333,8.0,3.0,6.0,2.0,2.0,7.0
23.0,14.0,196.0,54.0,10.0,0.312,22.0,0.0,0.0,20.0,18.0,0.0,11.0,55.0,PG,ORL,0.0,23.0,0.426,32.0,13.0,0.591,0.0,4.0,24.0,2.0,3.0,56.0
21.0,22.0,271.0,45.0,10.0,0.345,16.0,3.0,0.75,35.0,13.0,5.0,33.0,56.0,SF,WAS,7.0,17.0,0.378,29.0,7.0,0.438,4.0,9.0,44.0,6.0,9.0,47.0
24.0,31.0,1050.0,573.0,63.0,0.362,399.0,141.0,0.8390000000000001,107.0,137.0,8.0,93.0,57.0,SG,PHO,31.0,284.0,0.496,174.0,221.0,0.5539999999999999,168.0,6.0,113.0,28.0,103.0,772.0
28.0,36.0,851.0,322.0,61.0,0.445,185.0,85.0,0.759,167.0,36.0,69.0,98.0,58.0,C,TOR,2.0,172.0,0.534,137.0,111.0,0.6,112.0,67.0,234.0,20.0,26.0,490.0
22.0,1.0,5.0,2.0,0.0,0.0,2.0,1.0,1.0,1.0,0.0,0.0,0.0,59.0,SF,IND,0.0,1.0,0.5,0.0,1.0,0.5,1.0,0.0,1.0,0.0,0.0,3.0
30.0,10.0,211.0,66.0,16.0,0.421,28.0,7.0,0.778,16.0,14.0,1.0,26.0,60.0,SG,MIA,1.0,31.0,0.47,38.0,15.0,0.536,9.0,2.0,18.0,7.0,9.0,85.0
23.0,12.0,127.0,39.0,0.0,0.0,38.0,3.0,0.6,29.0,6.0,7.0,11.0,61.0,C,PHI,1.0,22.0,0.564,1.0,22.0,0.579,5.0,21.0,50.0,3.0,1.0,47.0
24.0,10.0,28.0,10.0,3.0,0.429,3.0,0.0,0.0,5.0,0.0,1.0,4.0,62.0,PF,UTA,0.0,4.0,0.4,7.0,1.0,0.333,0.0,2.0,7.0,1.0,1.0,11.0
22.0,4.0,7.0,1.0,0.0,0.0,1.0,2.0,1.0,1.0,1.0,0.0,0.0,63.0,SF,NYK,0.0,0.0,0.0,0.0,0.0,0.0,2.0,1.0,2.0,0.0,1.0,2.0
24.0,35.0,1131.0,328.0,66.0,0.42,171.0,69.0,0.841,130.0,77.0,33.0,56.0,64.0,SF,PHO,35.0,172.0,0.524,157.0,106.0,0.62,82.0,47.0,177.0,25.0,27.0,479.0
22.0,35.0,937.0,269.0,46.0,0.383,149.0,41.0,0.932,155.0,73.0,25.0,83.0,65.0,PF,CHO,2.0,132.0,0.491,120.0,86.0,0.5770000000000001,44.0,45.0,200.0,25.0,60.0,351.0
28.0,34.0,1211.0,617.0,82.0,0.378,400.0,87.0,0.897,131.0,212.0,8.0,64.0,66.0,PG,IND,34.0,276.0,0.447,217.0,194.0,0.485,97.0,27.0,158.0,40.0,71.0,721.0
25.0,29.0,846.0,444.0,54.0,0.32,275.0,55.0,0.833,63.0,76.0,14.0,95.0,67.0,SF,MEM,29.0,176.0,0.396,169.0,122.0,0.444,66.0,28.0,91.0,41.0,59.0,461.0
24.0,33.0,698.0,200.0,9.0,0.273,167.0,38.0,0.7170000000000001,103.0,46.0,10.0,69.0,68.0,PG,BRK,20.0,118.0,0.59,33.0,109.0,0.653,53.0,51.0,154.0,26.0,26.0,283.0
24.0,33.0,1115.0,616.0,76.0,0.388,420.0,129.0,0.772,147.0,129.0,16.0,96.0,69.0,SG,BOS,33.0,305.0,0.495,196.0,229.0,0.545,167.0,37.0,184.0,36.0,93.0,815.0
21.0,7.0,31.0,10.0,0.0,0.0,10.0,7.0,0.5,11.0,3.0,4.0,4.0,70.0,C,OKC,0.0,7.0,0.7,0.0,7.0,0.7,14.0,4.0,15.0,1.0,1.0,21.0
25.0,32.0,713.0,196.0,51.0,0.402,69.0,14.0,0.933,112.0,55.0,7.0,64.0,71.0,SG,HOU,2.0,86.0,0.439,127.0,35.0,0.507,15.0,22.0,134.0,31.0,25.0,237.0
21.0,17.0,231.0,71.0,11.0,0.289,33.0,7.0,0.583,43.0,13.0,2.0,25.0,72.0,SF,WAS,0.0,26.0,0.366,38.0,15.0,0.455,12.0,8.0,51.0,2.0,12.0,70.0
24.0,30.0,748.0,262.0,39.0,0.402,165.0,64.0,0.853,99.0,101.0,0.0,45.0,73.0,PG,DAL,7.0,139.0,0.531,97.0,100.0,0.606,75.0,6.0,105.0,16.0,38.0,381.0
23.0,10.0,271.0,91.0,9.0,0.429,70.0,16.0,0.667,43.0,15.0,8.0,31.0,74.0,C,WAS,10.0,59.0,0.648,21.0,50.0,0.7140000000000001,24.0,18.0,61.0,4.0,11.0,143.0
29.0,32.0,841.0,244.0,55.0,0.3720000000000001,96.0,20.0,0.833,99.0,42.0,7.0,69.0,75.0,SF,NYK,32.0,99.0,0.406,148.0,44.0,0.458,24.0,10.0,109.0,20.0,23.0,273.0
28.0,33.0,537.0,205.0,41.0,0.394,101.0,27.0,0.871,30.0,53.0,2.0,41.0,76.0,PG,DAL,0.0,92.0,0.449,104.0,51.0,0.505,31.0,4.0,34.0,22.0,19.0,252.0
29.0,25.0,617.0,227.0,47.0,0.402,110.0,47.0,0.8390000000000001,96.0,51.0,5.0,48.0,77.0,SG,NYK,3.0,92.0,0.405,117.0,45.0,0.409,56.0,12.0,108.0,18.0,27.0,278.0
31.0,22.0,729.0,315.0,8.0,0.235,281.0,158.0,0.863,122.0,172.0,8.0,26.0,78.0,SF,MIA,22.0,143.0,0.454,34.0,135.0,0.48,183.0,44.0,166.0,42.0,51.0,452.0
25.0,6.0,36.0,17.0,0.0,0.0,12.0,1.0,0.5,11.0,1.0,2.0,6.0,79.0,PF,HOU,0.0,8.0,0.471,5.0,8.0,0.667,2.0,3.0,14.0,0.0,4.0,17.0
24.0,4.0,17.0,4.0,0.0,0.0,4.0,0.0,0.0,4.0,0.0,0.0,0.0,80.0,PF,LAL,0.0,4.0,1.0,0.0,4.0,1.0,2.0,1.0,5.0,2.0,2.0,8.0
27.0,33.0,863.0,224.0,51.0,0.402,97.0,39.0,0.848,63.0,47.0,9.0,55.0,81.0,SG,LAL,33.0,98.0,0.438,127.0,47.0,0.485,46.0,15.0,78.0,26.0,34.0,286.0
29.0,30.0,488.0,126.0,33.0,0.379,39.0,30.0,0.8109999999999999,26.0,62.0,7.0,57.0,82.0,PG,DEN,1.0,51.0,0.405,87.0,18.0,0.462,37.0,5.0,31.0,29.0,25.0,165.0
23.0,20.0,122.0,28.0,3.0,0.214,14.0,5.0,0.833,23.0,6.0,2.0,11.0,83.0,PF,DEN,0.0,11.0,0.393,14.0,8.0,0.5710000000000001,6.0,4.0,27.0,7.0,9.0,30.0
26.0,32.0,949.0,353.0,0.0,0.0,353.0,55.0,0.55,294.0,29.0,71.0,73.0,84.0,C,ATL,32.0,208.0,0.589,0.0,208.0,0.589,100.0,159.0,453.0,24.0,46.0,471.0
19.0,3.0,6.0,3.0,0.0,0.0,2.0,1.0,0.5,1.0,1.0,1.0,0.0,85.0,C,CHO,0.0,1.0,0.333,1.0,1.0,0.5,2.0,2.0,3.0,0.0,0.0,3.0
25.0,29.0,289.0,84.0,17.0,0.298,27.0,2.0,1.0,34.0,35.0,7.0,31.0,86.0,PG,PHO,0.0,30.0,0.35700000000000004,57.0,13.0,0.481,2.0,3.0,37.0,13.0,5.0,79.0
21.0,23.0,618.0,198.0,7.0,0.35,178.0,63.0,0.733,131.0,52.0,19.0,74.0,87.0,C,CHI,23.0,106.0,0.535,20.0,99.0,0.556,86.0,48.0,179.0,16.0,43.0,282.0
29.0,17.0,450.0,144.0,8.0,0.258,113.0,29.0,0.763,55.0,70.0,9.0,50.0,88.0,SG,ORL,12.0,58.0,0.403,31.0,50.0,0.442,38.0,27.0,82.0,10.0,32.0,153.0
26.0,29.0,577.0,145.0,28.0,0.4,75.0,16.0,0.696,63.0,70.0,6.0,51.0,89.0,PG,LAL,0.0,62.0,0.428,70.0,34.0,0.453,23.0,17.0,80.0,30.0,32.0,168.0
27.0,31.0,537.0,112.0,1.0,0.16699999999999998,106.0,31.0,0.6459999999999999,101.0,24.0,23.0,73.0,90.0,C,DAL,10.0,70.0,0.625,6.0,69.0,0.6509999999999999,48.0,39.0,140.0,10.0,16.0,172.0
25.0,15.0,136.0,47.0,9.0,0.391,24.0,10.0,0.769,13.0,36.0,4.0,11.0,91.0,PG,BRK,0.0,17.0,0.362,23.0,8.0,0.333,13.0,3.0,16.0,4.0,10.0,53.0
23.0,2.0,27.0,14.0,1.0,0.2,9.0,2.0,0.5,10.0,2.0,2.0,3.0,92.0,PF,GSW,0.0,5.0,0.35700000000000004,5.0,4.0,0.444,4.0,3.0,13.0,0.0,2.0,13.0
26.0,30.0,572.0,112.0,26.0,0.274,17.0,8.0,0.889,66.0,25.0,6.0,31.0,93.0,SF,ORL,11.0,33.0,0.295,95.0,7.0,0.412,9.0,29.0,95.0,11.0,15.0,100.0
24.0,27.0,726.0,272.0,15.0,0.326,226.0,35.0,0.66,111.0,43.0,17.0,43.0,94.0,PF,MEM,16.0,140.0,0.515,46.0,125.0,0.5529999999999999,53.0,44.0,155.0,33.0,16.0,330.0
28.0,36.0,937.0,530.0,114.0,0.37,222.0,58.0,0.967,113.0,82.0,7.0,54.0,95.0,SG,UTA,0.0,237.0,0.447,308.0,123.0,0.5539999999999999,60.0,31.0,144.0,34.0,62.0,646.0
21.0,5.0,76.0,29.0,0.0,0.0,28.0,10.0,0.7140000000000001,13.0,5.0,7.0,8.0,96.0,C,BRK,0.0,20.0,0.69,1.0,20.0,0.7140000000000001,14.0,4.0,17.0,5.0,2.0,50.0
23.0,20.0,154.0,40.0,11.0,0.524,19.0,3.0,0.333,12.0,8.0,0.0,11.0,97.0,SG,LAC,0.0,21.0,0.525,21.0,10.0,0.526,9.0,3.0,15.0,4.0,8.0,56.0
23.0,36.0,1104.0,470.0,50.0,0.388,341.0,93.0,0.853,198.0,52.0,35.0,118.0,98.0,PF,ATL,36.0,252.0,0.536,129.0,202.0,0.5920000000000001,109.0,76.0,274.0,16.0,48.0,647.0
33.0,29.0,853.0,363.0,81.0,0.422,171.0,63.0,0.8290000000000001,73.0,164.0,3.0,56.0,99.0,PG,UTA,29.0,161.0,0.444,192.0,80.0,0.468,76.0,28.0,101.0,42.0,54.0,466.0
28.0,33.0,697.0,176.0,46.0,0.393,59.0,14.0,0.8240000000000001,110.0,46.0,15.0,52.0,100.0,SG,MIL,0.0,78.0,0.443,117.0,32.0,0.542,17.0,31.0,141.0,22.0,12.0,216.0
27.0,16.0,62.0,26.0,5.0,0.385,13.0,4.0,0.8,5.0,5.0,1.0,2.0,101.0,PG,LAL,0.0,12.0,0.462,13.0,7.0,0.5379999999999999,5.0,0.0,5.0,1.0,3.0,33.0
23.0,4.0,17.0,3.0,0.0,0.0,3.0,0.0,0.0,1.0,2.0,0.0,2.0,102.0,PF,BRK,0.0,1.0,0.333,0.0,1.0,0.333,0.0,1.0,2.0,0.0,1.0,2.0
30.0,25.0,506.0,210.0,39.0,0.336,94.0,44.0,0.746,161.0,60.0,18.0,74.0,103.0,C,HOU,11.0,79.0,0.376,116.0,40.0,0.426,59.0,30.0,191.0,21.0,39.0,241.0
30.0,33.0,1054.0,243.0,57.0,0.333,72.0,23.0,0.821,191.0,55.0,39.0,85.0,104.0,PF,POR,33.0,91.0,0.374,171.0,34.0,0.472,28.0,27.0,218.0,53.0,40.0,262.0
30.0,17.0,194.0,43.0,8.0,0.381,22.0,1.0,0.5,29.0,13.0,6.0,23.0,105.0,SF,MIL,0.0,17.0,0.395,21.0,9.0,0.409,2.0,13.0,42.0,9.0,5.0,43.0
30.0,32.0,883.0,271.0,77.0,0.376,66.0,29.0,0.8290000000000001,147.0,68.0,8.0,58.0,106.0,PF,PHO,19.0,109.0,0.402,205.0,32.0,0.485,35.0,13.0,160.0,27.0,29.0,324.0
21.0,19.0,376.0,128.0,8.0,0.229,93.0,21.0,0.6,60.0,16.0,7.0,40.0,107.0,SG,MIN,7.0,54.0,0.422,35.0,46.0,0.495,35.0,30.0,90.0,12.0,23.0,137.0
30.0,28.0,836.0,262.0,56.0,0.448,137.0,48.0,0.923,51.0,77.0,8.0,48.0,108.0,SG,PHI,28.0,123.0,0.469,125.0,67.0,0.489,52.0,5.0,56.0,25.0,41.0,350.0
32.0,35.0,1194.0,718.0,169.0,0.411,307.0,184.0,0.934,174.0,221.0,2.0,64.0,109.0,PG,GSW,35.0,343.0,0.478,411.0,174.0,0.5670000000000001,197.0,17.0,191.0,46.0,111.0,1039.0
27.0,23.0,755.0,383.0,17.0,0.293,325.0,93.0,0.715,146.0,70.0,41.0,42.0,110.0,PF,LAL,23.0,204.0,0.5329999999999999,58.0,187.0,0.575,130.0,47.0,193.0,31.0,45.0,518.0
31.0,19.0,264.0,43.0,0.0,0.0,43.0,7.0,0.875,59.0,19.0,10.0,49.0,111.0,C,MIN,7.0,18.0,0.419,0.0,18.0,0.419,8.0,38.0,97.0,10.0,6.0,43.0
23.0,30.0,442.0,187.0,40.0,0.364,77.0,16.0,0.889,49.0,32.0,6.0,46.0,112.0,SG,TOR,3.0,79.0,0.422,110.0,39.0,0.506,18.0,9.0,58.0,16.0,24.0,214.0
31.0,29.0,981.0,401.0,16.0,0.308,349.0,175.0,0.893,120.0,209.0,8.0,55.0,113.0,PF,SAS,29.0,194.0,0.484,52.0,178.0,0.51,196.0,22.0,142.0,25.0,49.0,579.0
22.0,32.0,761.0,297.0,12.0,0.293,256.0,83.0,0.629,128.0,77.0,12.0,83.0,114.0,SG,OKC,5.0,143.0,0.481,41.0,131.0,0.512,132.0,37.0,165.0,31.0,49.0,381.0
31.0,22.0,371.0,108.0,23.0,0.479,60.0,38.0,0.884,70.0,29.0,14.0,38.0,115.0,C,MEM,1.0,56.0,0.519,48.0,33.0,0.55,43.0,28.0,98.0,17.0,22.0,173.0
27.0,3.0,64.0,16.0,2.0,0.28600000000000003,9.0,6.0,1.0,13.0,9.0,1.0,4.0,116.0,SG,BRK,3.0,6.0,0.375,7.0,4.0,0.444,6.0,0.0,13.0,2.0,5.0,20.0
24.0,36.0,960.0,335.0,68.0,0.384,158.0,21.0,0.636,126.0,107.0,8.0,53.0,117.0,SG,MIL,36.0,140.0,0.418,177.0,72.0,0.456,33.0,43.0,169.0,38.0,43.0,369.0
21.0,32.0,1125.0,668.0,85.0,0.35700000000000004,430.0,193.0,0.757,242.0,287.0,22.0,64.0,118.0,PG,DAL,32.0,319.0,0.478,238.0,234.0,0.544,255.0,27.0,269.0,32.0,133.0,916.0
21.0,35.0,1040.0,384.0,68.0,0.325,175.0,66.0,0.75,97.0,51.0,10.0,85.0,119.0,SG,OKC,35.0,149.0,0.388,209.0,81.0,0.463,88.0,24.0,121.0,31.0,52.0,432.0
26.0,30.0,565.0,197.0,29.0,0.279,93.0,18.0,0.6920000000000001,49.0,65.0,4.0,26.0,120.0,SG,CLE,6.0,79.0,0.401,104.0,50.0,0.5379999999999999,26.0,4.0,53.0,12.0,24.0,205.0
21.0,1.0,10.0,4.0,0.0,0.0,4.0,0.0,0.0,1.0,0.0,0.0,1.0,121.0,PG,CHI,0.0,2.0,0.5,0.0,2.0,0.5,0.0,0.0,1.0,0.0,0.0,4.0
20.0,32.0,439.0,141.0,15.0,0.25,81.0,19.0,0.731,57.0,22.0,2.0,50.0,122.0,PF,DET,2.0,50.0,0.355,60.0,35.0,0.4320000000000001,26.0,16.0,73.0,13.0,18.0,134.0
24.0,21.0,408.0,127.0,20.0,0.392,76.0,23.0,0.605,64.0,35.0,13.0,36.0,123.0,SG,DEN,0.0,58.0,0.457,51.0,38.0,0.5,38.0,18.0,82.0,11.0,16.0,159.0
34.0,22.0,596.0,253.0,35.0,0.361,156.0,58.0,0.841,61.0,105.0,4.0,58.0,124.0,PG,MIA,8.0,116.0,0.458,97.0,81.0,0.519,69.0,7.0,68.0,13.0,61.0,325.0
27.0,25.0,722.0,380.0,0.0,0.0,372.0,77.0,0.597,236.0,64.0,29.0,69.0,125.0,C,CLE,25.0,180.0,0.474,8.0,180.0,0.484,129.0,101.0,337.0,40.0,81.0,437.0
35.0,11.0,76.0,7.0,2.0,0.4,2.0,0.0,0.0,15.0,5.0,1.0,7.0,126.0,PF,LAL,0.0,2.0,0.28600000000000003,5.0,0.0,0.0,0.0,4.0,19.0,1.0,2.0,6.0
32.0,19.0,679.0,359.0,49.0,0.434,246.0,126.0,0.8690000000000001,132.0,100.0,27.0,43.0,127.0,PF,BRK,18.0,188.0,0.524,113.0,139.0,0.565,145.0,7.0,139.0,14.0,67.0,551.0
19.0,36.0,1048.0,537.0,68.0,0.302,312.0,70.0,0.805,118.0,90.0,15.0,55.0,128.0,SG,MIN,19.0,199.0,0.371,225.0,131.0,0.42,87.0,26.0,144.0,31.0,66.0,536.0
22.0,14.0,147.0,63.0,11.0,0.324,29.0,7.0,0.778,12.0,6.0,1.0,16.0,129.0,SG,BOS,1.0,29.0,0.46,34.0,18.0,0.621,9.0,2.0,14.0,4.0,2.0,76.0
20.0,13.0,105.0,31.0,5.0,0.263,12.0,6.0,0.667,10.0,3.0,3.0,18.0,130.0,SF,POR,0.0,14.0,0.452,19.0,9.0,0.75,9.0,4.0,14.0,4.0,3.0,39.0
33.0,28.0,650.0,227.0,77.0,0.433,49.0,20.0,0.741,39.0,40.0,6.0,43.0,131.0,SG,DET,24.0,103.0,0.454,178.0,26.0,0.531,27.0,8.0,47.0,13.0,19.0,303.0
26.0,30.0,990.0,547.0,37.0,0.416,458.0,298.0,0.856,283.0,98.0,41.0,75.0,132.0,C,PHI,30.0,285.0,0.521,89.0,248.0,0.541,348.0,65.0,348.0,37.0,96.0,905.0
30.0,24.0,514.0,120.0,21.0,0.447,73.0,33.0,0.7859999999999999,67.0,32.0,6.0,53.0,133.0,SF,ORL,23.0,60.0,0.5,47.0,39.0,0.534,42.0,26.0,93.0,20.0,21.0,174.0
23.0,15.0,180.0,51.0,0.0,0.0,51.0,14.0,0.7,37.0,9.0,16.0,19.0,134.0,C,SAS,0.0,21.0,0.412,0.0,21.0,0.412,20.0,9.0,46.0,1.0,8.0,56.0
25.0,6.0,116.0,26.0,2.0,0.182,15.0,1.0,0.5,15.0,13.0,2.0,9.0,135.0,SG,CLE,3.0,10.0,0.385,11.0,8.0,0.5329999999999999,2.0,2.0,17.0,4.0,7.0,23.0
25.0,8.0,57.0,13.0,0.0,0.0,13.0,3.0,0.375,13.0,1.0,10.0,10.0,136.0,C,BOS,0.0,9.0,0.6920000000000001,0.0,9.0,0.6920000000000001,8.0,8.0,21.0,0.0,1.0,21.0
29.0,34.0,550.0,131.0,0.0,0.0,130.0,45.0,0.789,122.0,28.0,31.0,83.0,137.0,C,UTA,0.0,85.0,0.649,1.0,85.0,0.654,57.0,65.0,187.0,18.0,21.0,215.0
28.0,6.0,38.0,4.0,0.0,0.0,4.0,5.0,0.625,6.0,5.0,0.0,3.0,138.0,C,CHI,0.0,3.0,0.75,0.0,3.0,0.75,8.0,6.0,12.0,2.0,3.0,11.0
22.0,9.0,34.0,5.0,0.0,0.0,2.0,0.0,0.0,1.0,2.0,0.0,5.0,139.0,SG,PHI,0.0,1.0,0.2,3.0,1.0,0.5,0.0,0.0,1.0,0.0,3.0,2.0
22.0,18.0,151.0,25.0,0.0,0.0,23.0,9.0,0.6,47.0,9.0,2.0,17.0,140.0,C,ATL,0.0,11.0,0.44,2.0,11.0,0.478,15.0,13.0,60.0,2.0,15.0,31.0
27.0,2.0,40.0,21.0,3.0,0.333,12.0,0.0,0.0,4.0,5.0,1.0,4.0,141.0,PG,CLE,0.0,8.0,0.381,9.0,5.0,0.417,2.0,3.0,7.0,3.0,3.0,19.0
27.0,25.0,787.0,180.0,41.0,0.345,61.0,10.0,0.833,92.0,34.0,10.0,67.0,142.0,PF,DAL,25.0,77.0,0.428,119.0,36.0,0.59,12.0,36.0,128.0,25.0,15.0,205.0
22.0,15.0,125.0,45.0,5.0,0.192,19.0,4.0,0.667,10.0,16.0,0.0,12.0,143.0,PG,TOR,0.0,12.0,0.267,26.0,7.0,0.368,6.0,1.0,11.0,4.0,4.0,33.0
27.0,36.0,675.0,259.0,73.0,0.448,96.0,20.0,0.741,40.0,21.0,0.0,39.0,144.0,SG,MIL,6.0,121.0,0.467,163.0,48.0,0.5,27.0,7.0,47.0,8.0,19.0,335.0
22.0,7.0,20.0,3.0,0.0,0.0,1.0,2.0,1.0,2.0,4.0,0.0,2.0,145.0,PG,UTA,0.0,0.0,0.0,2.0,0.0,0.0,2.0,0.0,2.0,2.0,1.0,2.0
28.0,21.0,613.0,282.0,52.0,0.371,142.0,83.0,0.79,60.0,79.0,7.0,42.0,146.0,SF,ORL,21.0,127.0,0.45,140.0,75.0,0.528,105.0,5.0,65.0,22.0,45.0,389.0
23.0,35.0,1198.0,629.0,64.0,0.342,442.0,156.0,0.672,90.0,265.0,17.0,102.0,147.0,PG,SAC,35.0,293.0,0.466,187.0,229.0,0.518,232.0,23.0,113.0,43.0,115.0,806.0
30.0,3.0,33.0,8.0,0.0,0.0,6.0,0.0,0.0,4.0,7.0,0.0,4.0,148.0,PG,MEM,0.0,2.0,0.25,2.0,2.0,0.333,0.0,0.0,4.0,1.0,3.0,4.0
22.0,8.0,215.0,104.0,4.0,0.25,88.0,17.0,0.895,20.0,43.0,2.0,18.0,149.0,PG,ORL,8.0,41.0,0.394,16.0,37.0,0.42,19.0,5.0,25.0,8.0,18.0,103.0
23.0,4.0,12.0,3.0,0.0,0.0,2.0,0.0,0.0,4.0,1.0,0.0,0.0,150.0,PF,NOP,0.0,0.0,0.0,1.0,0.0,0.0,0.0,1.0,5.0,0.0,0.0,0.0
22.0,26.0,343.0,75.0,0.0,0.0,75.0,26.0,0.667,48.0,16.0,32.0,48.0,151.0,PF,CHI,11.0,50.0,0.667,0.0,50.0,0.667,39.0,34.0,82.0,11.0,19.0,126.0
32.0,24.0,525.0,207.0,47.0,0.388,86.0,71.0,0.934,76.0,37.0,3.0,46.0,152.0,PF,ATL,2.0,81.0,0.391,121.0,34.0,0.395,76.0,5.0,81.0,13.0,27.0,280.0
29.0,25.0,262.0,82.0,21.0,0.457,36.0,16.0,1.0,22.0,16.0,0.0,14.0,153.0,SG,PHO,0.0,38.0,0.463,46.0,17.0,0.472,16.0,4.0,26.0,4.0,7.0,113.0
21.0,28.0,922.0,407.0,48.0,0.384,282.0,45.0,0.8490000000000001,49.0,164.0,3.0,62.0,154.0,PG,CLE,25.0,179.0,0.44,125.0,131.0,0.465,53.0,13.0,62.0,33.0,82.0,451.0
36.0,35.0,703.0,134.0,31.0,0.365,49.0,29.0,0.8059999999999999,118.0,69.0,45.0,82.0,155.0,C,LAL,35.0,54.0,0.403,85.0,23.0,0.469,36.0,25.0,143.0,17.0,30.0,168.0
34.0,26.0,572.0,258.0,41.0,0.366,146.0,33.0,0.767,111.0,39.0,13.0,47.0,156.0,PF,SAS,0.0,108.0,0.419,112.0,67.0,0.459,43.0,24.0,135.0,18.0,30.0,290.0
30.0,27.0,904.0,451.0,95.0,0.45,240.0,95.0,0.888,141.0,146.0,14.0,63.0,157.0,SF,LAC,27.0,225.0,0.499,211.0,130.0,0.542,107.0,24.0,165.0,30.0,91.0,640.0
35.0,12.0,181.0,31.0,2.0,0.28600000000000003,24.0,7.0,0.583,33.0,6.0,4.0,23.0,158.0,PF,NYK,0.0,18.0,0.581,7.0,16.0,0.667,12.0,18.0,51.0,5.0,7.0,45.0
22.0,22.0,260.0,62.0,3.0,0.375,54.0,13.0,0.722,83.0,20.0,9.0,44.0,159.0,C,POR,0.0,26.0,0.419,8.0,23.0,0.426,18.0,25.0,108.0,5.0,16.0,68.0
22.0,30.0,1020.0,468.0,61.0,0.412,320.0,158.0,0.794,136.0,187.0,20.0,60.0,160.0,SG,OKC,30.0,239.0,0.511,148.0,178.0,0.556,199.0,17.0,153.0,23.0,87.0,697.0
25.0,12.0,67.0,10.0,1.0,0.14300000000000002,3.0,3.0,0.75,16.0,4.0,2.0,3.0,161.0,PF,WAS,1.0,3.0,0.3,7.0,2.0,0.667,4.0,3.0,19.0,3.0,3.0,10.0
28.0,36.0,1105.0,306.0,0.0,0.0,305.0,118.0,0.599,352.0,48.0,98.0,82.0,162.0,C,UTA,36.0,196.0,0.6409999999999999,1.0,196.0,0.643,197.0,120.0,472.0,17.0,64.0,510.0
25.0,24.0,289.0,106.0,15.0,0.28300000000000003,53.0,17.0,0.708,24.0,43.0,0.0,23.0,163.0,PG,ATL,0.0,35.0,0.33,53.0,20.0,0.377,24.0,3.0,27.0,10.0,13.0,102.0
25.0,19.0,552.0,213.0,31.0,0.369,129.0,49.0,0.612,104.0,80.0,16.0,38.0,164.0,PF,ORL,19.0,91.0,0.4270000000000001,84.0,60.0,0.465,80.0,33.0,137.0,14.0,53.0,262.0
32.0,26.0,763.0,350.0,66.0,0.328,149.0,92.0,0.836,49.0,70.0,13.0,41.0,165.0,SG,HOU,12.0,153.0,0.4370000000000001,201.0,87.0,0.584,110.0,7.0,56.0,14.0,50.0,464.0
25.0,25.0,821.0,310.0,70.0,0.34700000000000003,108.0,55.0,0.775,61.0,142.0,0.0,38.0,166.0,PG,CHO,25.0,109.0,0.35200000000000004,202.0,39.0,0.361,71.0,14.0,75.0,25.0,35.0,343.0
26.0,33.0,1194.0,586.0,81.0,0.363,363.0,184.0,0.889,152.0,96.0,36.0,90.0,167.0,SF,DET,33.0,254.0,0.433,223.0,173.0,0.477,207.0,24.0,176.0,25.0,62.0,773.0
33.0,36.0,1018.0,270.0,80.0,0.376,57.0,13.0,0.65,97.0,61.0,28.0,66.0,168.0,SF,PHI,36.0,106.0,0.393,213.0,26.0,0.456,20.0,31.0,128.0,45.0,46.0,305.0
30.0,31.0,918.0,174.0,14.0,0.237,115.0,27.0,0.711,165.0,267.0,22.0,100.0,169.0,PF,GSW,31.0,68.0,0.391,59.0,54.0,0.47,38.0,23.0,188.0,44.0,84.0,177.0
30.0,25.0,512.0,180.0,41.0,0.4270000000000001,84.0,27.0,0.8440000000000001,109.0,24.0,7.0,68.0,170.0,PF,DEN,4.0,80.0,0.444,96.0,39.0,0.464,32.0,41.0,150.0,15.0,26.0,228.0
27.0,22.0,330.0,71.0,7.0,0.318,49.0,20.0,0.667,30.0,10.0,2.0,29.0,171.0,SG,BOS,2.0,39.0,0.5489999999999999,22.0,32.0,0.653,30.0,20.0,50.0,18.0,12.0,105.0
34.0,33.0,870.0,223.0,49.0,0.422,107.0,39.0,0.7959999999999999,103.0,46.0,8.0,62.0,172.0,C,BRK,16.0,113.0,0.507,116.0,64.0,0.598,49.0,15.0,118.0,23.0,27.0,314.0
20.0,17.0,212.0,36.0,2.0,0.16699999999999998,24.0,6.0,0.545,27.0,10.0,1.0,16.0,173.0,SG,DAL,5.0,17.0,0.472,12.0,15.0,0.625,11.0,12.0,39.0,4.0,11.0,42.0
31.0,20.0,626.0,222.0,39.0,0.315,98.0,44.0,0.71,97.0,77.0,2.0,42.0,174.0,PF,DET,20.0,81.0,0.365,124.0,42.0,0.429,62.0,7.0,104.0,14.0,32.0,245.0
23.0,14.0,115.0,44.0,6.0,0.25,20.0,7.0,0.875,11.0,15.0,0.0,9.0,175.0,PG,SAC,0.0,14.0,0.318,24.0,8.0,0.4,8.0,3.0,14.0,4.0,3.0,41.0
22.0,27.0,813.0,267.0,21.0,0.304,198.0,72.0,0.758,118.0,47.0,2.0,61.0,176.0,PF,WAS,27.0,122.0,0.457,69.0,101.0,0.51,95.0,29.0,147.0,19.0,28.0,337.0
21.0,2.0,4.0,0.0,0.0,0.0,0.0,0.0,0.0,0.0,0.0,0.0,0.0,177.0,PG,MIN,0.0,0.0,0.0,0.0,0.0,0.0,0.0,0.0,0.0,0.0,1.0,0.0
20.0,30.0,903.0,310.0,71.0,0.433,146.0,20.0,0.833,78.0,161.0,18.0,36.0,178.0,PG,SAC,2.0,153.0,0.494,164.0,82.0,0.562,24.0,29.0,107.0,42.0,46.0,397.0
20.0,7.0,51.0,18.0,1.0,0.125,10.0,3.0,0.429,8.0,7.0,0.0,7.0,179.0,SF,OKC,0.0,4.0,0.222,8.0,3.0,0.3,7.0,1.0,9.0,0.0,4.0,12.0
19.0,24.0,220.0,58.0,5.0,0.278,40.0,7.0,0.7,37.0,12.0,2.0,21.0,180.0,PG,DEN,0.0,24.0,0.414,18.0,19.0,0.475,10.0,10.0,47.0,5.0,11.0,60.0
28.0,33.0,975.0,434.0,97.0,0.385,182.0,65.0,0.802,93.0,56.0,6.0,51.0,181.0,SG,DAL,17.0,190.0,0.438,252.0,93.0,0.511,81.0,12.0,105.0,20.0,30.0,542.0
31.0,31.0,1173.0,517.0,101.0,0.401,265.0,183.0,0.8590000000000001,216.0,345.0,21.0,67.0,182.0,PG-SG,TOT,31.0,250.0,0.484,252.0,149.0,0.562,213.0,26.0,242.0,36.0,131.0,784.0
31.0,8.0,290.0,135.0,25.0,0.34700000000000003,63.0,53.0,0.883,36.0,83.0,6.0,14.0,182.0,SG,HOU,8.0,60.0,0.444,72.0,35.0,0.556,60.0,5.0,41.0,7.0,34.0,198.0
31.0,23.0,883.0,382.0,76.0,0.422,202.0,130.0,0.85,180.0,262.0,15.0,53.0,182.0,PG,BRK,23.0,190.0,0.4970000000000001,180.0,114.0,0.564,153.0,21.0,201.0,29.0,97.0,586.0
27.0,10.0,109.0,10.0,4.0,0.5,2.0,0.0,0.0,8.0,7.0,3.0,12.0,183.0,SF,MIA,3.0,4.0,0.4,8.0,0.0,0.0,2.0,1.0,9.0,2.0,2.0,12.0
23.0,2.0,5.0,1.0,0.0,0.0,1.0,2.0,1.0,0.0,0.0,0.0,0.0,184.0,PG,NYK,0.0,0.0,0.0,0.0,0.0,0.0,2.0,0.0,0.0,0.0,2.0,2.0
27.0,37.0,891.0,334.0,0.0,0.0,328.0,93.0,0.7559999999999999,149.0,39.0,27.0,77.0,185.0,C,LAL,1.0,209.0,0.626,6.0,209.0,0.637,123.0,89.0,238.0,24.0,41.0,511.0
26.0,19.0,581.0,156.0,24.0,0.32,81.0,22.0,0.733,34.0,32.0,4.0,37.0,186.0,SG,DEN,19.0,69.0,0.442,75.0,45.0,0.556,30.0,13.0,47.0,17.0,14.0,184.0
22.0,2.0,4.0,0.0,0.0,0.0,0.0,0.0,0.0,0.0,0.0,0.0,2.0,187.0,SG,TOR,0.0,0.0,0.0,0.0,0.0,0.0,0.0,1.0,1.0,0.0,1.0,0.0
29.0,37.0,1144.0,379.0,126.0,0.506,130.0,21.0,0.7,112.0,65.0,7.0,82.0,188.0,SF,BRK,33.0,201.0,0.53,249.0,75.0,0.5770000000000001,30.0,19.0,131.0,20.0,29.0,549.0
28.0,31.0,1066.0,470.0,51.0,0.402,343.0,94.0,0.887,199.0,104.0,26.0,64.0,189.0,PF,PHI,31.0,241.0,0.513,127.0,190.0,0.5539999999999999,106.0,37.0,236.0,25.0,58.0,627.0
27.0,17.0,56.0,20.0,0.0,0.0,18.0,5.0,0.833,6.0,9.0,0.0,3.0,190.0,SG,UTA,0.0,6.0,0.3,2.0,6.0,0.333,6.0,3.0,9.0,2.0,5.0,17.0
25.0,36.0,1032.0,255.0,49.0,0.333,108.0,53.0,0.757,226.0,74.0,9.0,87.0,191.0,SF,NOP,3.0,114.0,0.447,147.0,65.0,0.602,70.0,38.0,264.0,29.0,28.0,330.0
22.0,26.0,243.0,76.0,0.0,0.0,76.0,20.0,0.588,37.0,14.0,15.0,53.0,192.0,C,DEN,0.0,39.0,0.513,0.0,39.0,0.513,34.0,37.0,74.0,10.0,19.0,98.0
20.0,25.0,311.0,68.0,0.0,0.0,68.0,19.0,0.655,58.0,9.0,12.0,45.0,193.0,C,NOP,1.0,46.0,0.6759999999999999,0.0,46.0,0.6759999999999999,29.0,31.0,89.0,9.0,16.0,111.0
19.0,7.0,148.0,47.0,5.0,0.25,27.0,1.0,0.5,7.0,25.0,0.0,15.0,194.0,PG,DET,7.0,13.0,0.277,20.0,8.0,0.29600000000000004,2.0,1.0,8.0,2.0,17.0,32.0
30.0,31.0,1080.0,503.0,64.0,0.405,345.0,114.0,0.857,140.0,121.0,12.0,55.0,195.0,SF,CHO,31.0,245.0,0.487,158.0,181.0,0.525,133.0,27.0,167.0,41.0,62.0,668.0
25.0,17.0,271.0,90.0,16.0,0.302,37.0,13.0,0.684,62.0,10.0,2.0,14.0,196.0,PF,MIN,6.0,36.0,0.4,53.0,20.0,0.541,19.0,13.0,75.0,6.0,7.0,101.0
26.0,20.0,359.0,110.0,1.0,0.2,105.0,24.0,0.667,86.0,26.0,10.0,27.0,197.0,C,NOP,2.0,60.0,0.545,5.0,59.0,0.562,36.0,53.0,139.0,7.0,11.0,145.0
21.0,25.0,818.0,345.0,50.0,0.34700000000000003,201.0,44.0,0.772,132.0,90.0,10.0,40.0,198.0,SG,MIA,14.0,151.0,0.438,144.0,101.0,0.502,57.0,11.0,143.0,15.0,61.0,396.0
28.0,36.0,1253.0,507.0,140.0,0.378,137.0,54.0,0.8440000000000001,150.0,114.0,11.0,96.0,199.0,SG,SAC,36.0,198.0,0.391,370.0,58.0,0.423,64.0,12.0,162.0,29.0,64.0,590.0
34.0,14.0,369.0,120.0,22.0,0.386,63.0,21.0,0.84,21.0,43.0,2.0,12.0,200.0,PG,OKC,14.0,61.0,0.508,57.0,39.0,0.619,25.0,8.0,29.0,12.0,12.0,165.0
29.0,36.0,686.0,149.0,35.0,0.318,39.0,15.0,0.882,64.0,33.0,6.0,58.0,201.0,PF,ATL,1.0,53.0,0.35600000000000004,110.0,18.0,0.462,17.0,18.0,82.0,25.0,21.0,156.0
21.0,6.0,19.0,13.0,1.0,0.2,8.0,1.0,0.5,0.0,0.0,1.0,1.0,202.0,SG,DAL,0.0,3.0,0.231,5.0,2.0,0.25,2.0,0.0,0.0,1.0,2.0,8.0
24.0,35.0,667.0,256.0,38.0,0.35200000000000004,148.0,29.0,0.725,39.0,63.0,4.0,62.0,203.0,PG,IND,6.0,95.0,0.371,108.0,57.0,0.385,40.0,7.0,46.0,20.0,29.0,257.0
30.0,26.0,805.0,324.0,44.0,0.364,203.0,36.0,0.7659999999999999,82.0,133.0,14.0,45.0,204.0,PG,MIL,23.0,159.0,0.491,121.0,115.0,0.5670000000000001,47.0,31.0,113.0,47.0,42.0,398.0
31.0,35.0,1130.0,303.0,89.0,0.414,88.0,41.0,0.82,117.0,60.0,14.0,78.0,205.0,SG,IND,26.0,139.0,0.459,215.0,50.0,0.568,50.0,22.0,139.0,43.0,28.0,408.0
27.0,32.0,942.0,275.0,1.0,0.16699999999999998,269.0,58.0,0.8059999999999999,185.0,55.0,48.0,127.0,206.0,C,SAC,32.0,179.0,0.6509999999999999,6.0,178.0,0.662,72.0,81.0,266.0,23.0,43.0,417.0
28.0,30.0,575.0,168.0,20.0,0.299,101.0,5.0,0.625,42.0,32.0,3.0,42.0,207.0,SF,POR,5.0,62.0,0.369,67.0,42.0,0.416,8.0,8.0,50.0,17.0,25.0,149.0
34.0,24.0,677.0,312.0,47.0,0.35600000000000004,180.0,14.0,0.778,137.0,84.0,21.0,43.0,208.0,C,OKC,24.0,138.0,0.442,132.0,91.0,0.506,18.0,23.0,160.0,21.0,27.0,337.0
20.0,33.0,576.0,213.0,18.0,0.28600000000000003,150.0,32.0,0.821,70.0,66.0,19.0,69.0,209.0,SG,LAL,1.0,94.0,0.441,63.0,76.0,0.507,39.0,10.0,80.0,27.0,43.0,238.0
27.0,22.0,602.0,184.0,34.0,0.312,75.0,28.0,0.757,71.0,42.0,12.0,43.0,210.0,SF,HOU,12.0,69.0,0.375,109.0,35.0,0.467,37.0,16.0,87.0,14.0,21.0,200.0
35.0,36.0,574.0,138.0,4.0,0.364,127.0,53.0,0.53,173.0,27.0,31.0,105.0,211.0,C,PHI,4.0,81.0,0.5870000000000001,11.0,77.0,0.606,100.0,91.0,264.0,15.0,62.0,219.0
21.0,17.0,55.0,31.0,3.0,0.136,9.0,1.0,0.5,5.0,6.0,0.0,7.0,212.0,SG,DEN,0.0,6.0,0.194,22.0,3.0,0.333,2.0,0.0,5.0,2.0,4.0,16.0
22.0,36.0,1157.0,387.0,77.0,0.365,176.0,28.0,0.8240000000000001,105.0,133.0,7.0,87.0,213.0,SG,ATL,25.0,165.0,0.426,211.0,88.0,0.5,34.0,26.0,131.0,46.0,47.0,435.0
22.0,6.0,27.0,15.0,3.0,0.3,5.0,3.0,0.75,4.0,3.0,1.0,0.0,214.0,SF,UTA,0.0,5.0,0.333,10.0,2.0,0.4,4.0,0.0,4.0,1.0,4.0,16.0
23.0,18.0,579.0,210.0,30.0,0.366,128.0,64.0,0.877,81.0,40.0,9.0,47.0,215.0,SF,ATL,18.0,108.0,0.514,82.0,78.0,0.609,73.0,16.0,97.0,17.0,25.0,310.0
24.0,7.0,64.0,18.0,1.0,0.333,15.0,2.0,1.0,19.0,4.0,0.0,9.0,216.0,SF,CHI,0.0,5.0,0.278,3.0,4.0,0.267,2.0,1.0,20.0,1.0,5.0,13.0
31.0,37.0,887.0,333.0,37.0,0.35600000000000004,229.0,36.0,0.818,184.0,66.0,46.0,73.0,217.0,C,LAC,37.0,169.0,0.508,104.0,132.0,0.5760000000000001,44.0,62.0,246.0,9.0,42.0,411.0
37.0,34.0,735.0,147.0,38.0,0.339,35.0,14.0,0.56,106.0,77.0,16.0,51.0,218.0,SF,MIA,2.0,57.0,0.388,112.0,19.0,0.5429999999999999,25.0,20.0,126.0,36.0,36.0,166.0
33.0,32.0,846.0,245.0,79.0,0.465,75.0,34.0,0.895,94.0,140.0,8.0,56.0,219.0,SF,UTA,9.0,128.0,0.522,170.0,49.0,0.653,38.0,13.0,107.0,15.0,50.0,369.0
23.0,36.0,1255.0,648.0,85.0,0.379,424.0,164.0,0.8859999999999999,163.0,172.0,28.0,71.0,220.0,SF,NOP,36.0,306.0,0.472,224.0,221.0,0.521,185.0,22.0,185.0,25.0,84.0,861.0
28.0,26.0,924.0,527.0,76.0,0.411,342.0,94.0,0.887,93.0,155.0,16.0,74.0,221.0,PG,BRK,26.0,269.0,0.51,185.0,193.0,0.564,106.0,31.0,124.0,28.0,59.0,708.0
26.0,20.0,246.0,47.0,3.0,0.13,24.0,9.0,0.818,30.0,8.0,3.0,20.0,222.0,SF,DAL,3.0,14.0,0.298,23.0,11.0,0.458,11.0,5.0,35.0,7.0,5.0,40.0
22.0,9.0,54.0,22.0,4.0,0.308,9.0,0.0,0.0,8.0,10.0,0.0,5.0,223.0,PG,DET,0.0,6.0,0.273,13.0,2.0,0.222,0.0,0.0,8.0,1.0,4.0,16.0
23.0,32.0,797.0,362.0,41.0,0.29100000000000004,221.0,84.0,0.6940000000000001,107.0,60.0,28.0,94.0,224.0,SG,DET,6.0,154.0,0.425,141.0,113.0,0.511,121.0,34.0,141.0,29.0,74.0,433.0
25.0,25.0,405.0,149.0,23.0,0.29100000000000004,70.0,16.0,0.8,47.0,38.0,1.0,24.0,225.0,SF,OKC,2.0,61.0,0.409,79.0,38.0,0.5429999999999999,20.0,11.0,58.0,10.0,24.0,161.0
30.0,35.0,709.0,250.0,46.0,0.4,135.0,31.0,0.7559999999999999,77.0,103.0,3.0,65.0,226.0,SG,LAC,16.0,114.0,0.456,115.0,68.0,0.504,41.0,13.0,90.0,20.0,35.0,305.0
24.0,13.0,69.0,23.0,2.0,0.222,14.0,2.0,0.25,6.0,5.0,1.0,3.0,227.0,SF,SAC,0.0,9.0,0.391,9.0,7.0,0.5,8.0,3.0,9.0,3.0,2.0,22.0
36.0,36.0,1245.0,687.0,86.0,0.358,447.0,144.0,0.6920000000000001,268.0,280.0,22.0,56.0,228.0,PG,LAL,36.0,350.0,0.509,240.0,264.0,0.591,208.0,21.0,289.0,41.0,135.0,930.0
23.0,12.0,189.0,52.0,8.0,0.333,28.0,6.0,0.857,14.0,4.0,4.0,17.0,229.0,SG,SAC,2.0,22.0,0.423,24.0,14.0,0.5,7.0,7.0,21.0,5.0,5.0,58.0
23.0,4.0,100.0,30.0,7.0,0.368,11.0,0.0,0.0,8.0,13.0,0.0,14.0,230.0,SG,OKC,0.0,15.0,0.5,19.0,8.0,0.727,0.0,3.0,11.0,3.0,2.0,37.0
21.0,20.0,240.0,79.0,23.0,0.383,19.0,5.0,1.0,17.0,15.0,4.0,21.0,231.0,SG,PHI,1.0,29.0,0.3670000000000001,60.0,6.0,0.316,5.0,6.0,23.0,7.0,5.0,86.0
24.0,34.0,823.0,286.0,73.0,0.378,93.0,32.0,0.865,96.0,46.0,10.0,48.0,232.0,PF,PHO,9.0,125.0,0.4370000000000001,193.0,52.0,0.5589999999999999,37.0,19.0,115.0,22.0,26.0,355.0
33.0,27.0,484.0,140.0,15.0,0.259,82.0,14.0,0.5379999999999999,71.0,47.0,22.0,55.0,233.0,PF,DAL,1.0,65.0,0.464,58.0,50.0,0.61,26.0,12.0,83.0,23.0,26.0,159.0
21.0,29.0,845.0,320.0,28.0,0.326,234.0,79.0,0.782,146.0,63.0,14.0,66.0,234.0,SF,SAS,27.0,151.0,0.472,86.0,123.0,0.526,101.0,47.0,193.0,22.0,41.0,409.0
24.0,32.0,441.0,79.0,20.0,0.4,29.0,11.0,0.7859999999999999,54.0,41.0,9.0,49.0,235.0,PF,TOR,2.0,31.0,0.392,50.0,11.0,0.379,14.0,15.0,69.0,24.0,22.0,93.0
28.0,18.0,250.0,72.0,21.0,0.412,21.0,7.0,1.0,27.0,17.0,0.0,13.0,236.0,SG,BRK,1.0,28.0,0.389,51.0,7.0,0.333,7.0,4.0,31.0,6.0,5.0,84.0
25.0,36.0,1293.0,668.0,56.0,0.418,534.0,163.0,0.8809999999999999,296.0,309.0,23.0,107.0,237.0,C,DEN,36.0,379.0,0.5670000000000001,134.0,323.0,0.605,185.0,101.0,397.0,58.0,114.0,977.0
25.0,17.0,125.0,21.0,0.0,0.0,20.0,8.0,0.615,14.0,4.0,9.0,25.0,238.0,C,TOT,1.0,13.0,0.619,1.0,13.0,0.65,13.0,9.0,23.0,1.0,6.0,34.0
25.0,14.0,94.0,16.0,0.0,0.0,15.0,6.0,0.545,11.0,4.0,5.0,19.0,238.0,C,PHO,0.0,8.0,0.5,1.0,8.0,0.5329999999999999,11.0,7.0,18.0,1.0,6.0,22.0
25.0,3.0,31.0,5.0,0.0,0.0,5.0,2.0,1.0,3.0,0.0,4.0,6.0,238.0,C,LAL,1.0,5.0,1.0,0.0,5.0,1.0,2.0,2.0,5.0,0.0,0.0,12.0
23.0,31.0,838.0,182.0,26.0,0.333,104.0,40.0,0.645,91.0,27.0,34.0,74.0,239.0,SF,POR,30.0,92.0,0.505,78.0,66.0,0.635,62.0,58.0,149.0,24.0,22.0,250.0
22.0,22.0,244.0,87.0,18.0,0.3670000000000001,38.0,28.0,0.6509999999999999,42.0,29.0,0.0,22.0,240.0,SG,HOU,1.0,38.0,0.4370000000000001,49.0,20.0,0.526,43.0,4.0,46.0,6.0,26.0,122.0
21.0,12.0,43.0,15.0,1.0,1.0,14.0,5.0,1.0,0.0,3.0,0.0,4.0,241.0,PG,SAS,0.0,9.0,0.6,1.0,8.0,0.5710000000000001,5.0,4.0,4.0,0.0,4.0,24.0
24.0,32.0,691.0,251.0,25.0,0.294,166.0,17.0,0.85,66.0,146.0,4.0,14.0,242.0,PG,MEM,8.0,111.0,0.442,85.0,86.0,0.518,20.0,15.0,81.0,40.0,28.0,264.0
32.0,35.0,799.0,151.0,0.0,0.0,150.0,29.0,0.518,199.0,67.0,51.0,76.0,243.0,C,BRK,26.0,115.0,0.762,1.0,115.0,0.767,56.0,63.0,262.0,11.0,59.0,259.0
29.0,36.0,749.0,201.0,24.0,0.32,126.0,27.0,0.7709999999999999,58.0,85.0,7.0,83.0,244.0,PG,SAC,2.0,90.0,0.448,75.0,66.0,0.524,35.0,20.0,78.0,24.0,36.0,231.0
23.0,20.0,81.0,26.0,3.0,0.2,11.0,3.0,0.75,10.0,5.0,3.0,14.0,245.0,PF,LAC,0.0,7.0,0.269,15.0,4.0,0.364,4.0,1.0,11.0,2.0,5.0,20.0
27.0,27.0,428.0,165.0,26.0,0.419,103.0,17.0,0.586,84.0,46.0,12.0,38.0,246.0,C,PHO,11.0,77.0,0.467,62.0,51.0,0.495,29.0,22.0,106.0,8.0,14.0,197.0
28.0,35.0,919.0,298.0,0.0,0.0,298.0,63.0,0.75,269.0,40.0,26.0,94.0,247.0,C,POR,23.0,177.0,0.594,0.0,177.0,0.594,84.0,146.0,415.0,18.0,41.0,417.0
24.0,34.0,684.0,203.0,52.0,0.456,89.0,13.0,0.867,82.0,58.0,6.0,54.0,248.0,SG,LAC,7.0,94.0,0.463,114.0,42.0,0.472,15.0,8.0,90.0,11.0,29.0,253.0
29.0,22.0,569.0,109.0,37.0,0.451,27.0,22.0,0.957,98.0,30.0,20.0,50.0,249.0,PF,DAL,16.0,48.0,0.44,82.0,11.0,0.407,23.0,19.0,117.0,10.0,12.0,155.0
23.0,10.0,58.0,23.0,3.0,0.333,14.0,7.0,0.875,7.0,1.0,3.0,7.0,250.0,PF,ATL,0.0,9.0,0.391,9.0,6.0,0.429,8.0,8.0,15.0,2.0,5.0,28.0
21.0,26.0,397.0,119.0,28.0,0.389,47.0,11.0,0.7859999999999999,40.0,17.0,6.0,33.0,251.0,SF,NYK,0.0,47.0,0.395,72.0,19.0,0.404,14.0,9.0,49.0,8.0,16.0,133.0
24.0,19.0,308.0,66.0,7.0,0.304,43.0,16.0,0.889,50.0,23.0,5.0,26.0,252.0,SG,MEM,0.0,28.0,0.424,23.0,21.0,0.488,18.0,18.0,68.0,18.0,8.0,79.0
23.0,25.0,467.0,180.0,39.0,0.345,67.0,24.0,0.8,56.0,21.0,4.0,30.0,253.0,SG,PHI,3.0,69.0,0.383,113.0,30.0,0.448,30.0,5.0,61.0,15.0,24.0,201.0
25.0,10.0,83.0,26.0,6.0,0.273,4.0,2.0,1.0,14.0,4.0,6.0,1.0,254.0,PF,CHI,0.0,9.0,0.34600000000000003,22.0,3.0,0.75,2.0,1.0,15.0,2.0,1.0,26.0
22.0,16.0,91.0,24.0,3.0,0.17600000000000002,7.0,1.0,0.5,12.0,6.0,4.0,8.0,255.0,SF-PF,TOT,0.0,6.0,0.25,17.0,3.0,0.429,2.0,2.0,14.0,6.0,9.0,16.0
22.0,5.0,16.0,3.0,1.0,0.5,1.0,0.0,0.0,3.0,2.0,0.0,1.0,255.0,PF,BRK,0.0,1.0,0.333,2.0,0.0,0.0,0.0,0.0,3.0,0.0,0.0,3.0
22.0,11.0,75.0,21.0,2.0,0.133,6.0,1.0,0.5,9.0,4.0,4.0,7.0,255.0,SF,HOU,0.0,5.0,0.238,15.0,3.0,0.5,2.0,2.0,11.0,6.0,9.0,13.0
25.0,36.0,932.0,365.0,65.0,0.365,187.0,24.0,0.632,165.0,41.0,23.0,63.0,256.0,SF,LAL,11.0,162.0,0.444,178.0,97.0,0.519,38.0,75.0,240.0,14.0,54.0,413.0
28.0,21.0,486.0,165.0,34.0,0.447,89.0,48.0,0.941,63.0,34.0,11.0,44.0,257.0,SG,IND,8.0,78.0,0.473,76.0,44.0,0.494,51.0,15.0,78.0,18.0,16.0,238.0
25.0,34.0,1209.0,667.0,120.0,0.435,391.0,156.0,0.857,152.0,173.0,14.0,90.0,258.0,SG,CHI,34.0,350.0,0.525,276.0,230.0,0.588,182.0,25.0,177.0,37.0,133.0,976.0
26.0,24.0,372.0,115.0,15.0,0.319,68.0,21.0,0.778,30.0,16.0,11.0,27.0,259.0,SF,MIN,4.0,59.0,0.513,47.0,44.0,0.647,27.0,7.0,37.0,20.0,17.0,154.0
20.0,3.0,9.0,4.0,0.0,0.0,3.0,3.0,1.0,3.0,2.0,0.0,0.0,260.0,PG,IND,0.0,1.0,0.25,1.0,1.0,0.333,3.0,1.0,4.0,0.0,0.0,5.0
28.0,37.0,712.0,177.0,52.0,0.377,39.0,28.0,0.903,110.0,53.0,4.0,55.0,261.0,SG,GSW,1.0,79.0,0.446,138.0,27.0,0.6920000000000001,31.0,15.0,125.0,25.0,17.0,238.0
21.0,15.0,238.0,70.0,4.0,0.667,64.0,26.0,0.667,17.0,35.0,5.0,25.0,262.0,PG,DET,0.0,38.0,0.5429999999999999,6.0,34.0,0.531,39.0,6.0,23.0,11.0,14.0,106.0
27.0,26.0,352.0,86.0,6.0,0.3,66.0,24.0,0.5710000000000001,62.0,23.0,32.0,47.0,263.0,C,TOT,6.0,54.0,0.628,20.0,48.0,0.727,42.0,19.0,81.0,9.0,25.0,138.0
27.0,7.0,76.0,10.0,3.0,0.5,4.0,3.0,0.5,11.0,3.0,6.0,10.0,263.0,C,TOR,2.0,5.0,0.5,6.0,2.0,0.5,6.0,0.0,11.0,1.0,8.0,16.0
27.0,19.0,276.0,76.0,3.0,0.214,62.0,21.0,0.583,51.0,20.0,26.0,37.0,263.0,C,WAS,4.0,49.0,0.645,14.0,46.0,0.742,36.0,19.0,70.0,8.0,17.0,122.0
29.0,30.0,1039.0,562.0,60.0,0.387,407.0,165.0,0.873,160.0,146.0,16.0,48.0,264.0,SF,LAC,30.0,287.0,0.511,155.0,227.0,0.5579999999999999,189.0,28.0,188.0,45.0,58.0,799.0
28.0,3.0,29.0,7.0,3.0,0.429,0.0,1.0,0.5,7.0,2.0,0.0,5.0,265.0,C,MIA,2.0,3.0,0.429,7.0,0.0,0.0,2.0,0.0,7.0,0.0,2.0,10.0
26.0,12.0,334.0,200.0,22.0,0.349,137.0,26.0,0.765,42.0,72.0,6.0,20.0,266.0,SG,BRK,4.0,87.0,0.435,63.0,65.0,0.474,34.0,10.0,52.0,13.0,26.0,222.0
19.0,21.0,273.0,108.0,13.0,0.333,69.0,13.0,0.65,15.0,38.0,1.0,25.0,267.0,PG,NOP,0.0,42.0,0.389,39.0,29.0,0.42,20.0,2.0,17.0,12.0,9.0,110.0
30.0,34.0,1224.0,708.0,146.0,0.384,328.0,237.0,0.933,130.0,271.0,9.0,53.0,268.0,PG,POR,34.0,315.0,0.445,380.0,169.0,0.515,254.0,15.0,145.0,35.0,111.0,1013.0
20.0,20.0,239.0,70.0,17.0,0.459,33.0,22.0,0.88,31.0,7.0,5.0,21.0,269.0,PF,POR,2.0,33.0,0.471,37.0,16.0,0.485,25.0,14.0,45.0,3.0,10.0,105.0
24.0,27.0,401.0,74.0,2.0,0.333,68.0,16.0,0.762,65.0,43.0,8.0,50.0,270.0,C,GSW,10.0,44.0,0.595,6.0,42.0,0.618,21.0,48.0,113.0,10.0,17.0,106.0
32.0,36.0,975.0,302.0,55.0,0.348,144.0,50.0,0.82,134.0,22.0,48.0,76.0,271.0,C,MIL,36.0,141.0,0.467,158.0,86.0,0.597,61.0,49.0,183.0,19.0,32.0,387.0
32.0,34.0,690.0,189.0,4.0,0.308,176.0,53.0,0.6970000000000001,66.0,32.0,21.0,65.0,272.0,C,WAS,9.0,112.0,0.593,13.0,108.0,0.614,76.0,78.0,144.0,10.0,37.0,281.0
32.0,2.0,46.0,18.0,3.0,0.333,9.0,4.0,0.8,10.0,5.0,0.0,1.0,273.0,PF,CLE,2.0,6.0,0.333,9.0,3.0,0.333,5.0,2.0,12.0,1.0,3.0,19.0
34.0,29.0,1002.0,381.0,83.0,0.403,175.0,91.0,0.858,136.0,204.0,6.0,94.0,274.0,PG,TOR,29.0,174.0,0.457,206.0,91.0,0.52,106.0,24.0,160.0,34.0,82.0,522.0
25.0,34.0,669.0,221.0,53.0,0.363,75.0,20.0,0.769,62.0,43.0,5.0,63.0,275.0,SF,BRK,6.0,86.0,0.389,146.0,33.0,0.44,26.0,18.0,80.0,24.0,25.0,245.0
25.0,19.0,311.0,83.0,14.0,0.378,46.0,12.0,0.632,69.0,11.0,1.0,11.0,276.0,PF,SAS,7.0,42.0,0.506,37.0,28.0,0.609,19.0,8.0,77.0,5.0,3.0,110.0
23.0,8.0,76.0,18.0,0.0,0.0,16.0,10.0,0.909,10.0,4.0,4.0,7.0,277.0,C,CLE,0.0,10.0,0.556,2.0,10.0,0.625,11.0,8.0,18.0,2.0,3.0,30.0
19.0,31.0,797.0,218.0,45.0,0.354,91.0,24.0,0.75,85.0,102.0,2.0,69.0,278.0,PG,OKC,16.0,86.0,0.394,127.0,41.0,0.451,32.0,7.0,92.0,31.0,56.0,241.0
20.0,6.0,56.0,9.0,1.0,0.5,7.0,4.0,1.0,10.0,1.0,1.0,3.0,279.0,PG,ORL,0.0,1.0,0.111,2.0,0.0,0.0,4.0,0.0,10.0,0.0,3.0,7.0
24.0,35.0,549.0,129.0,13.0,0.382,95.0,32.0,0.8,83.0,45.0,6.0,59.0,280.0,SG,LAC,3.0,62.0,0.481,34.0,49.0,0.516,40.0,31.0,114.0,14.0,23.0,169.0
19.0,7.0,67.0,23.0,5.0,0.35700000000000004,9.0,1.0,0.25,12.0,18.0,0.0,8.0,281.0,PG,GSW,1.0,6.0,0.261,14.0,1.0,0.111,4.0,0.0,12.0,3.0,7.0,18.0
32.0,18.0,141.0,72.0,0.0,0.0,68.0,10.0,0.7140000000000001,44.0,3.0,1.0,16.0,282.0,C,DAL,1.0,36.0,0.5,4.0,36.0,0.529,14.0,27.0,71.0,1.0,8.0,82.0
23.0,14.0,426.0,185.0,40.0,0.396,84.0,38.0,0.8440000000000001,77.0,12.0,5.0,31.0,283.0,PF,CHI,14.0,95.0,0.514,101.0,55.0,0.655,45.0,8.0,85.0,9.0,24.0,268.0
23.0,3.0,8.0,2.0,0.0,0.0,1.0,1.0,0.5,2.0,1.0,0.0,0.0,284.0,SF,NOP,0.0,0.0,0.0,1.0,0.0,0.0,2.0,0.0,2.0,0.0,0.0,1.0
25.0,26.0,395.0,133.0,19.0,0.333,76.0,14.0,0.5379999999999999,53.0,30.0,7.0,26.0,285.0,SF,CHO,1.0,55.0,0.414,57.0,36.0,0.474,26.0,20.0,73.0,21.0,17.0,143.0
25.0,23.0,268.0,64.0,4.0,0.2,44.0,8.0,0.8,35.0,24.0,4.0,13.0,286.0,SF,CHO,2.0,33.0,0.516,20.0,29.0,0.659,10.0,19.0,54.0,12.0,15.0,78.0
25.0,12.0,48.0,20.0,2.0,0.222,11.0,2.0,1.0,11.0,0.0,0.0,5.0,287.0,SF,IND,0.0,7.0,0.35,9.0,5.0,0.455,2.0,1.0,12.0,3.0,4.0,18.0
20.0,7.0,69.0,27.0,1.0,0.25,23.0,2.0,0.4,11.0,4.0,5.0,9.0,288.0,SF,HOU,0.0,10.0,0.37,4.0,9.0,0.391,5.0,8.0,19.0,2.0,5.0,23.0
26.0,4.0,79.0,24.0,2.0,0.4,19.0,5.0,0.7140000000000001,9.0,12.0,0.0,7.0,289.0,PG,ORL,1.0,9.0,0.375,5.0,7.0,0.368,7.0,3.0,12.0,0.0,5.0,25.0
24.0,28.0,454.0,126.0,40.0,0.4,26.0,46.0,0.92,38.0,13.0,5.0,46.0,290.0,SG,WAS,12.0,53.0,0.421,100.0,13.0,0.5,50.0,11.0,49.0,20.0,4.0,192.0
25.0,8.0,123.0,48.0,8.0,0.308,22.0,2.0,0.333,6.0,13.0,3.0,7.0,291.0,SG,PHI,2.0,19.0,0.396,26.0,11.0,0.5,6.0,1.0,7.0,1.0,1.0,48.0
34.0,30.0,605.0,118.0,31.0,0.337,26.0,12.0,0.8,32.0,34.0,11.0,43.0,292.0,SG,LAL,4.0,42.0,0.35600000000000004,92.0,11.0,0.423,15.0,12.0,44.0,15.0,15.0,127.0
20.0,32.0,519.0,242.0,15.0,0.273,187.0,22.0,0.88,52.0,58.0,5.0,40.0,293.0,SG,PHI,6.0,109.0,0.45,55.0,94.0,0.503,25.0,8.0,60.0,15.0,22.0,255.0
23.0,16.0,132.0,49.0,8.0,0.348,26.0,16.0,0.889,6.0,18.0,0.0,6.0,294.0,SG,ATL,0.0,19.0,0.388,23.0,11.0,0.423,18.0,6.0,12.0,6.0,4.0,62.0
25.0,3.0,20.0,0.0,0.0,0.0,0.0,0.0,0.0,0.0,4.0,0.0,3.0,295.0,SF,TOR,0.0,0.0,0.0,0.0,0.0,0.0,0.0,1.0,1.0,0.0,0.0,0.0
29.0,13.0,440.0,260.0,63.0,0.441,117.0,38.0,0.8440000000000001,44.0,65.0,4.0,28.0,296.0,SG,POR,13.0,123.0,0.473,143.0,60.0,0.513,45.0,7.0,51.0,17.0,13.0,347.0
28.0,32.0,810.0,190.0,6.0,0.316,171.0,9.0,0.5,95.0,216.0,12.0,50.0,297.0,PG,IND,2.0,100.0,0.526,19.0,94.0,0.55,18.0,22.0,117.0,63.0,60.0,215.0
20.0,30.0,574.0,149.0,28.0,0.337,66.0,12.0,0.522,83.0,30.0,30.0,71.0,298.0,PF,MIN,1.0,57.0,0.383,83.0,29.0,0.439,23.0,18.0,101.0,10.0,23.0,154.0
23.0,17.0,213.0,66.0,6.0,0.261,43.0,13.0,0.684,37.0,8.0,4.0,30.0,299.0,SF,CHO,1.0,29.0,0.439,23.0,23.0,0.535,19.0,8.0,45.0,2.0,14.0,77.0
29.0,34.0,882.0,344.0,55.0,0.364,193.0,45.0,0.818,101.0,45.0,3.0,59.0,300.0,PF,IND,14.0,174.0,0.506,151.0,119.0,0.617,55.0,34.0,135.0,11.0,33.0,448.0
24.0,8.0,126.0,23.0,5.0,0.333,8.0,6.0,1.0,8.0,4.0,2.0,6.0,301.0,SF,MEM,0.0,10.0,0.435,15.0,5.0,0.625,6.0,4.0,12.0,1.0,4.0,31.0
33.0,27.0,411.0,174.0,5.0,0.294,157.0,28.0,0.609,97.0,26.0,33.0,69.0,302.0,C,CLE,1.0,85.0,0.489,17.0,80.0,0.51,46.0,42.0,139.0,13.0,36.0,203.0
29.0,12.0,115.0,43.0,8.0,0.5,27.0,5.0,0.833,8.0,12.0,1.0,8.0,303.0,SG,DET,0.0,22.0,0.512,16.0,14.0,0.519,6.0,4.0,12.0,4.0,6.0,57.0
28.0,18.0,84.0,30.0,5.0,0.417,18.0,5.0,0.625,13.0,1.0,0.0,7.0,304.0,SF,LAL,0.0,16.0,0.5329999999999999,12.0,11.0,0.611,8.0,7.0,20.0,2.0,1.0,42.0
24.0,24.0,467.0,141.0,16.0,0.348,95.0,8.0,0.8,43.0,113.0,4.0,24.0,305.0,PG,MIN,0.0,53.0,0.376,46.0,37.0,0.389,10.0,13.0,56.0,24.0,26.0,130.0
27.0,24.0,372.0,140.0,32.0,0.314,38.0,17.0,0.7390000000000001,41.0,23.0,1.0,34.0,306.0,SG,HOU,2.0,50.0,0.35700000000000004,102.0,18.0,0.474,23.0,10.0,51.0,14.0,23.0,149.0
30.0,17.0,186.0,40.0,7.0,0.212,7.0,4.0,0.8,35.0,16.0,1.0,22.0,307.0,PF,NOP,0.0,9.0,0.225,33.0,2.0,0.28600000000000003,5.0,3.0,38.0,8.0,7.0,29.0
22.0,20.0,408.0,161.0,33.0,0.423,83.0,16.0,0.762,52.0,58.0,14.0,34.0,308.0,PG,MEM,1.0,76.0,0.472,78.0,43.0,0.518,21.0,10.0,62.0,24.0,25.0,201.0
24.0,13.0,77.0,17.0,5.0,0.455,6.0,2.0,1.0,10.0,11.0,0.0,6.0,309.0,SG,MIL,0.0,6.0,0.353,11.0,1.0,0.16699999999999998,2.0,4.0,14.0,2.0,3.0,19.0
23.0,11.0,71.0,30.0,1.0,0.333,27.0,6.0,0.667,12.0,5.0,6.0,10.0,310.0,C,SAC,0.0,15.0,0.5,3.0,14.0,0.519,9.0,11.0,23.0,3.0,6.0,37.0
29.0,36.0,1203.0,549.0,83.0,0.4320000000000001,357.0,114.0,0.884,190.0,206.0,6.0,92.0,311.0,SF,MIL,36.0,272.0,0.495,192.0,189.0,0.529,129.0,31.0,221.0,40.0,94.0,741.0
30.0,12.0,111.0,24.0,9.0,0.429,3.0,3.0,1.0,14.0,10.0,4.0,9.0,312.0,SF,OKC,0.0,11.0,0.458,21.0,2.0,0.667,3.0,1.0,15.0,5.0,5.0,34.0
32.0,32.0,824.0,337.0,88.0,0.402,118.0,36.0,0.9,48.0,85.0,1.0,46.0,313.0,PG,SAS,0.0,151.0,0.448,219.0,63.0,0.534,40.0,10.0,58.0,20.0,34.0,426.0
35.0,26.0,621.0,189.0,32.0,0.41,111.0,41.0,0.695,93.0,43.0,14.0,54.0,314.0,PF,DEN,26.0,99.0,0.524,78.0,67.0,0.604,59.0,41.0,134.0,22.0,26.0,271.0
24.0,28.0,703.0,306.0,31.0,0.313,207.0,86.0,0.887,43.0,85.0,7.0,64.0,315.0,SG,PHI,1.0,135.0,0.441,99.0,104.0,0.502,97.0,17.0,60.0,18.0,43.0,387.0
24.0,34.0,1154.0,684.0,113.0,0.382,388.0,150.0,0.8240000000000001,122.0,183.0,10.0,77.0,316.0,SG,UTA,34.0,288.0,0.421,296.0,175.0,0.451,182.0,37.0,159.0,33.0,101.0,839.0
22.0,7.0,42.0,14.0,1.0,0.125,6.0,0.0,0.0,3.0,4.0,1.0,5.0,317.0,SG,CHI,0.0,5.0,0.35700000000000004,8.0,4.0,0.667,0.0,1.0,4.0,2.0,2.0,11.0
22.0,22.0,499.0,223.0,54.0,0.439,100.0,37.0,0.787,55.0,41.0,2.0,32.0,318.0,SG,CHO,0.0,103.0,0.462,123.0,49.0,0.49,47.0,8.0,63.0,6.0,33.0,297.0
31.0,22.0,334.0,95.0,6.0,0.24,70.0,8.0,0.8,28.0,35.0,4.0,30.0,319.0,SG,PHO,1.0,40.0,0.421,25.0,34.0,0.486,10.0,11.0,39.0,14.0,18.0,94.0
21.0,24.0,738.0,379.0,21.0,0.233,289.0,110.0,0.797,59.0,184.0,4.0,36.0,320.0,PG,MEM,24.0,172.0,0.454,90.0,151.0,0.522,138.0,20.0,79.0,25.0,69.0,475.0
23.0,15.0,71.0,14.0,3.0,0.3,4.0,1.0,0.2,10.0,4.0,0.0,12.0,321.0,PF,UTA,0.0,6.0,0.429,10.0,3.0,0.75,5.0,4.0,14.0,3.0,2.0,16.0
31.0,28.0,684.0,275.0,65.0,0.464,135.0,38.0,0.905,86.0,25.0,8.0,52.0,322.0,PF,LAC,2.0,121.0,0.44,140.0,56.0,0.415,42.0,20.0,106.0,15.0,25.0,345.0
31.0,31.0,539.0,145.0,28.0,0.322,58.0,20.0,0.69,95.0,31.0,8.0,50.0,323.0,PF,LAL,7.0,59.0,0.407,87.0,31.0,0.534,29.0,22.0,117.0,7.0,18.0,166.0
25.0,35.0,949.0,298.0,40.0,0.36,187.0,46.0,0.754,69.0,118.0,10.0,33.0,324.0,PG,DEN,9.0,142.0,0.477,111.0,102.0,0.545,61.0,7.0,76.0,24.0,24.0,370.0
26.0,34.0,360.0,108.0,38.0,0.409,15.0,8.0,0.5329999999999999,30.0,15.0,7.0,27.0,325.0,PG,GSW,2.0,47.0,0.435,93.0,9.0,0.6,15.0,1.0,31.0,8.0,8.0,140.0
24.0,32.0,992.0,454.0,34.0,0.324,349.0,56.0,0.812,206.0,172.0,3.0,67.0,326.0,PG,SAS,32.0,207.0,0.456,105.0,173.0,0.496,69.0,19.0,225.0,52.0,53.0,504.0
23.0,34.0,1204.0,561.0,90.0,0.398,335.0,104.0,0.846,118.0,156.0,11.0,73.0,327.0,PG,DEN,34.0,273.0,0.487,226.0,183.0,0.546,123.0,24.0,142.0,39.0,78.0,740.0
29.0,34.0,633.0,263.0,67.0,0.368,81.0,32.0,0.914,110.0,27.0,11.0,53.0,328.0,C,OKC,0.0,116.0,0.441,182.0,49.0,0.605,35.0,19.0,129.0,8.0,21.0,331.0
23.0,35.0,608.0,212.0,54.0,0.335,51.0,24.0,0.8,59.0,49.0,6.0,31.0,329.0,SF,DET,4.0,80.0,0.377,161.0,26.0,0.51,30.0,11.0,70.0,25.0,38.0,238.0
27.0,19.0,273.0,90.0,13.0,0.394,57.0,20.0,0.8,43.0,15.0,7.0,24.0,330.0,SF,PHO,0.0,44.0,0.489,33.0,31.0,0.544,25.0,3.0,46.0,6.0,13.0,121.0
28.0,19.0,635.0,145.0,24.0,0.381,82.0,12.0,0.5710000000000001,102.0,61.0,10.0,41.0,331.0,PF,CLE,18.0,70.0,0.483,63.0,46.0,0.561,21.0,27.0,129.0,37.0,28.0,176.0
21.0,18.0,281.0,63.0,17.0,0.354,15.0,8.0,0.667,34.0,7.0,5.0,37.0,332.0,SF,BOS,0.0,25.0,0.397,48.0,8.0,0.5329999999999999,12.0,10.0,44.0,3.0,11.0,75.0
28.0,29.0,591.0,196.0,28.0,0.373,121.0,25.0,0.833,53.0,60.0,2.0,39.0,333.0,PG,WAS,6.0,88.0,0.449,75.0,60.0,0.496,30.0,13.0,66.0,33.0,21.0,229.0
27.0,36.0,481.0,167.0,45.0,0.385,50.0,5.0,1.0,66.0,24.0,3.0,55.0,334.0,PF,UTA,0.0,72.0,0.431,117.0,27.0,0.54,5.0,12.0,78.0,11.0,23.0,194.0
20.0,23.0,248.0,61.0,15.0,0.417,25.0,5.0,0.7140000000000001,23.0,3.0,2.0,16.0,335.0,PF,DEN,1.0,31.0,0.508,36.0,16.0,0.64,7.0,10.0,33.0,3.0,5.0,82.0
26.0,32.0,710.0,111.0,0.0,0.0,109.0,22.0,0.667,127.0,20.0,65.0,83.0,336.0,C,NYK,10.0,68.0,0.613,2.0,68.0,0.624,33.0,68.0,195.0,32.0,37.0,158.0
21.0,22.0,367.0,170.0,25.0,0.34700000000000003,98.0,31.0,0.838,32.0,23.0,4.0,40.0,337.0,SG,MIN,0.0,71.0,0.418,72.0,46.0,0.469,37.0,10.0,42.0,10.0,12.0,198.0
22.0,9.0,127.0,37.0,13.0,0.619,16.0,3.0,0.6,6.0,7.0,0.0,15.0,338.0,PG,NYK,1.0,18.0,0.486,21.0,5.0,0.312,5.0,1.0,7.0,8.0,5.0,52.0
25.0,28.0,839.0,330.0,58.0,0.365,171.0,36.0,0.923,80.0,76.0,9.0,54.0,339.0,PG,MIA,16.0,152.0,0.461,159.0,94.0,0.55,39.0,14.0,94.0,32.0,50.0,398.0
26.0,12.0,280.0,103.0,3.0,0.25,91.0,15.0,0.556,69.0,33.0,11.0,33.0,340.0,C,POR,12.0,50.0,0.485,12.0,47.0,0.516,27.0,23.0,92.0,11.0,23.0,118.0
28.0,28.0,642.0,208.0,17.0,0.27,145.0,46.0,0.6970000000000001,66.0,28.0,20.0,58.0,341.0,SF,HOU,9.0,100.0,0.481,63.0,83.0,0.5720000000000001,66.0,37.0,103.0,30.0,17.0,263.0
22.0,10.0,82.0,37.0,8.0,0.5,21.0,9.0,0.9,14.0,0.0,2.0,9.0,342.0,SF,MIL,0.0,17.0,0.459,16.0,9.0,0.429,10.0,1.0,15.0,4.0,10.0,51.0
27.0,36.0,1181.0,213.0,62.0,0.411,62.0,23.0,0.821,199.0,94.0,20.0,102.0,343.0,SF,UTA,36.0,94.0,0.441,151.0,32.0,0.516,28.0,45.0,244.0,28.0,42.0,273.0
26.0,34.0,645.0,151.0,41.0,0.383,44.0,20.0,0.7140000000000001,78.0,27.0,0.0,41.0,344.0,PF,BOS,6.0,63.0,0.417,107.0,22.0,0.5,28.0,20.0,98.0,11.0,14.0,187.0
25.0,12.0,120.0,42.0,0.0,0.0,39.0,1.0,0.5,14.0,3.0,2.0,10.0,345.0,C,DET,0.0,25.0,0.595,3.0,25.0,0.6409999999999999,2.0,13.0,27.0,2.0,4.0,51.0
22.0,20.0,437.0,86.0,17.0,0.386,42.0,5.0,0.5,52.0,39.0,7.0,19.0,346.0,PF,ORL,0.0,33.0,0.384,44.0,16.0,0.381,10.0,18.0,70.0,16.0,13.0,88.0
22.0,29.0,558.0,134.0,12.0,0.218,79.0,31.0,0.7559999999999999,47.0,30.0,14.0,58.0,347.0,SG,MIN,20.0,47.0,0.35100000000000003,55.0,35.0,0.443,41.0,26.0,73.0,24.0,22.0,137.0
20.0,16.0,159.0,37.0,0.0,0.0,36.0,9.0,0.6,27.0,5.0,7.0,26.0,348.0,C,ATL,1.0,21.0,0.568,1.0,21.0,0.583,15.0,12.0,39.0,6.0,8.0,51.0
20.0,31.0,1030.0,225.0,28.0,0.301,132.0,36.0,0.679,53.0,58.0,16.0,95.0,349.0,SG,CLE,31.0,93.0,0.413,93.0,65.0,0.4920000000000001,53.0,30.0,83.0,36.0,46.0,250.0
21.0,19.0,199.0,40.0,8.0,0.333,16.0,2.0,0.333,21.0,7.0,4.0,24.0,350.0,PF,MIA,6.0,14.0,0.35,24.0,6.0,0.375,6.0,8.0,29.0,3.0,9.0,38.0
28.0,24.0,786.0,436.0,60.0,0.331,255.0,71.0,0.747,117.0,109.0,11.0,56.0,351.0,SG,TOT,24.0,174.0,0.399,181.0,114.0,0.447,95.0,8.0,125.0,36.0,53.0,479.0
28.0,9.0,300.0,152.0,25.0,0.362,83.0,27.0,0.73,50.0,38.0,2.0,23.0,351.0,SG,IND,9.0,64.0,0.421,69.0,39.0,0.47,37.0,1.0,51.0,15.0,18.0,180.0
28.0,15.0,486.0,284.0,35.0,0.312,172.0,44.0,0.759,67.0,71.0,9.0,33.0,351.0,SG,HOU,15.0,110.0,0.387,112.0,75.0,0.436,58.0,7.0,74.0,21.0,35.0,299.0
29.0,35.0,927.0,299.0,66.0,0.328,98.0,22.0,0.733,173.0,75.0,19.0,98.0,352.0,C,MIA,30.0,132.0,0.441,201.0,66.0,0.6729999999999999,30.0,32.0,205.0,28.0,46.0,352.0
23.0,26.0,206.0,38.0,13.0,0.394,5.0,5.0,0.833,32.0,6.0,4.0,29.0,353.0,SG,UTA,0.0,14.0,0.368,33.0,1.0,0.2,6.0,14.0,46.0,3.0,7.0,46.0
25.0,35.0,904.0,365.0,70.0,0.332,154.0,39.0,0.7959999999999999,104.0,93.0,4.0,71.0,354.0,SF,CLE,15.0,136.0,0.373,211.0,66.0,0.429,49.0,24.0,128.0,30.0,37.0,381.0
21.0,10.0,42.0,15.0,0.0,0.0,14.0,2.0,1.0,9.0,4.0,3.0,6.0,355.0,C,LAC,0.0,9.0,0.6,1.0,9.0,0.643,2.0,5.0,14.0,0.0,2.0,20.0
25.0,35.0,1062.0,463.0,60.0,0.321,276.0,77.0,0.74,157.0,49.0,27.0,77.0,356.0,SF,GSW,35.0,202.0,0.436,187.0,142.0,0.514,104.0,51.0,208.0,39.0,45.0,541.0
25.0,2.0,25.0,7.0,0.0,0.0,6.0,0.0,0.0,5.0,1.0,1.0,4.0,357.0,PF,SAC,0.0,4.0,0.5710000000000001,1.0,4.0,0.667,0.0,1.0,6.0,0.0,3.0,8.0
24.0,34.0,599.0,265.0,13.0,0.289,220.0,61.0,0.718,86.0,43.0,4.0,57.0,358.0,PF,GSW,2.0,131.0,0.494,45.0,118.0,0.536,85.0,26.0,112.0,9.0,35.0,336.0
25.0,1.0,6.0,1.0,0.0,0.0,0.0,0.0,0.0,0.0,1.0,0.0,2.0,359.0,C,WAS,0.0,0.0,0.0,1.0,0.0,0.0,0.0,1.0,1.0,0.0,5.0,0.0
31.0,10.0,130.0,38.0,10.0,0.35700000000000004,10.0,3.0,0.75,16.0,5.0,1.0,13.0,360.0,PF,LAC,1.0,16.0,0.421,28.0,6.0,0.6,4.0,4.0,20.0,3.0,7.0,45.0
23.0,6.0,128.0,31.0,6.0,0.353,14.0,3.0,0.75,19.0,5.0,10.0,19.0,361.0,C,HOU,2.0,16.0,0.516,17.0,10.0,0.7140000000000001,4.0,5.0,24.0,7.0,2.0,41.0
35.0,34.0,1080.0,420.0,52.0,0.391,287.0,83.0,0.954,144.0,300.0,10.0,84.0,362.0,PG,PHO,34.0,204.0,0.486,133.0,152.0,0.53,87.0,16.0,160.0,40.0,81.0,543.0
26.0,24.0,394.0,127.0,24.0,0.421,70.0,13.0,0.929,41.0,86.0,5.0,42.0,363.0,PG,PHO,0.0,61.0,0.48,57.0,37.0,0.529,14.0,3.0,44.0,15.0,25.0,159.0
26.0,33.0,932.0,393.0,15.0,0.25,333.0,55.0,0.743,83.0,122.0,7.0,64.0,364.0,PG,NYK,33.0,174.0,0.443,60.0,159.0,0.477,74.0,42.0,125.0,23.0,62.0,418.0
27.0,4.0,32.0,8.0,0.0,0.0,8.0,3.0,0.75,4.0,1.0,3.0,10.0,365.0,C,TOT,0.0,3.0,0.375,0.0,3.0,0.375,4.0,4.0,8.0,0.0,3.0,9.0
27.0,3.0,28.0,7.0,0.0,0.0,7.0,0.0,0.0,4.0,0.0,3.0,9.0,365.0,C,BRK,0.0,3.0,0.429,0.0,3.0,0.429,0.0,3.0,7.0,0.0,3.0,6.0
27.0,1.0,4.0,1.0,0.0,0.0,1.0,3.0,0.75,0.0,1.0,0.0,1.0,365.0,C,SAC,0.0,0.0,0.0,0.0,0.0,0.0,4.0,1.0,1.0,0.0,0.0,3.0
20.0,14.0,147.0,51.0,2.0,0.16699999999999998,39.0,6.0,0.667,34.0,12.0,5.0,27.0,366.0,PF,BRK,0.0,21.0,0.412,12.0,19.0,0.487,9.0,17.0,51.0,2.0,11.0,50.0
25.0,11.0,25.0,7.0,0.0,0.0,1.0,0.0,0.0,1.0,1.0,0.0,3.0,367.0,SG,NYK,0.0,1.0,0.14300000000000002,6.0,1.0,1.0,0.0,0.0,1.0,0.0,0.0,2.0
30.0,34.0,953.0,239.0,0.0,0.0,233.0,64.0,0.674,217.0,130.0,29.0,120.0,368.0,C,DET,34.0,145.0,0.607,6.0,145.0,0.622,95.0,94.0,311.0,28.0,72.0,354.0
25.0,32.0,750.0,159.0,0.0,0.0,159.0,15.0,0.319,139.0,58.0,50.0,70.0,369.0,C,SAS,14.0,97.0,0.61,0.0,97.0,0.61,47.0,95.0,234.0,20.0,37.0,209.0
27.0,6.0,22.0,4.0,0.0,0.0,4.0,2.0,0.5,2.0,1.0,2.0,2.0,370.0,C,PHI,0.0,1.0,0.25,0.0,1.0,0.25,4.0,2.0,4.0,0.0,2.0,4.0
19.0,17.0,296.0,93.0,10.0,0.179,37.0,0.0,0.0,55.0,21.0,19.0,16.0,371.0,PF,OKC,0.0,23.0,0.247,56.0,13.0,0.35100000000000003,0.0,5.0,60.0,8.0,22.0,56.0
21.0,16.0,170.0,77.0,18.0,0.3670000000000001,28.0,19.0,0.95,19.0,14.0,3.0,14.0,372.0,SG,GSW,0.0,36.0,0.468,49.0,18.0,0.643,20.0,2.0,21.0,4.0,8.0,109.0
22.0,26.0,744.0,283.0,62.0,0.416,134.0,34.0,0.7559999999999999,151.0,23.0,28.0,60.0,373.0,SF,DEN,19.0,142.0,0.502,149.0,80.0,0.597,45.0,32.0,183.0,23.0,29.0,380.0
27.0,16.0,372.0,144.0,28.0,0.4,74.0,30.0,0.833,80.0,32.0,3.0,25.0,374.0,SF,CHI,6.0,64.0,0.444,70.0,36.0,0.486,36.0,20.0,100.0,9.0,15.0,186.0
25.0,36.0,776.0,304.0,38.0,0.5,228.0,23.0,0.6970000000000001,188.0,37.0,15.0,70.0,375.0,C,MIL,2.0,166.0,0.546,76.0,128.0,0.561,33.0,67.0,255.0,30.0,28.0,393.0
25.0,20.0,602.0,322.0,44.0,0.349,196.0,57.0,0.838,130.0,27.0,31.0,59.0,376.0,C,DAL,20.0,151.0,0.469,126.0,107.0,0.546,68.0,37.0,167.0,8.0,25.0,403.0
29.0,23.0,346.0,67.0,1.0,0.125,59.0,43.0,0.754,50.0,20.0,7.0,53.0,377.0,C,DAL,8.0,31.0,0.463,8.0,30.0,0.508,57.0,23.0,73.0,13.0,16.0,106.0
27.0,34.0,1006.0,432.0,88.0,0.438,231.0,116.0,0.899,87.0,59.0,5.0,73.0,378.0,SG,TOR,23.0,211.0,0.488,201.0,123.0,0.532,129.0,15.0,102.0,40.0,59.0,626.0
26.0,29.0,620.0,208.0,39.0,0.386,107.0,45.0,0.8490000000000001,89.0,50.0,19.0,53.0,379.0,PF,TOT,10.0,79.0,0.38,101.0,40.0,0.374,53.0,15.0,104.0,19.0,31.0,242.0
26.0,12.0,218.0,74.0,13.0,0.35100000000000003,37.0,24.0,0.889,32.0,7.0,8.0,21.0,379.0,PF,BRK,4.0,30.0,0.405,37.0,17.0,0.459,27.0,2.0,34.0,8.0,11.0,97.0
26.0,17.0,402.0,134.0,26.0,0.406,70.0,21.0,0.8079999999999999,57.0,43.0,11.0,32.0,379.0,PF,CLE,6.0,49.0,0.366,64.0,23.0,0.329,26.0,13.0,70.0,11.0,20.0,145.0
23.0,30.0,641.0,188.0,41.0,0.402,86.0,17.0,0.944,54.0,69.0,5.0,59.0,380.0,SG,BOS,1.0,86.0,0.457,102.0,45.0,0.523,18.0,16.0,70.0,18.0,34.0,230.0
21.0,33.0,619.0,316.0,59.0,0.381,161.0,98.0,0.942,62.0,79.0,9.0,64.0,381.0,PG,NYK,0.0,123.0,0.389,155.0,64.0,0.398,104.0,15.0,77.0,15.0,34.0,403.0
19.0,4.0,16.0,4.0,1.0,0.333,1.0,0.0,0.0,4.0,1.0,1.0,0.0,382.0,SG,SAC,0.0,2.0,0.5,3.0,1.0,1.0,0.0,0.0,4.0,0.0,1.0,5.0
27.0,8.0,151.0,35.0,7.0,0.304,12.0,5.0,0.7140000000000001,14.0,23.0,1.0,18.0,383.0,PG,ORL,0.0,15.0,0.429,23.0,8.0,0.667,7.0,1.0,15.0,2.0,6.0,42.0
26.0,37.0,1358.0,636.0,69.0,0.408,467.0,177.0,0.805,357.0,205.0,9.0,115.0,384.0,PF,NYK,37.0,307.0,0.483,169.0,238.0,0.51,220.0,52.0,409.0,29.0,120.0,860.0
21.0,26.0,750.0,263.0,33.0,0.262,137.0,67.0,0.8170000000000001,82.0,35.0,9.0,68.0,385.0,SF,ATL,21.0,96.0,0.365,126.0,63.0,0.46,82.0,22.0,104.0,33.0,34.0,292.0
36.0,31.0,576.0,214.0,51.0,0.364,74.0,45.0,0.957,49.0,40.0,2.0,37.0,386.0,SG,NOP,0.0,87.0,0.407,140.0,36.0,0.486,47.0,3.0,52.0,9.0,25.0,270.0
21.0,5.0,55.0,22.0,0.0,0.0,19.0,0.0,0.0,3.0,3.0,4.0,4.0,387.0,PF,PHI,0.0,9.0,0.409,3.0,9.0,0.474,0.0,7.0,10.0,1.0,5.0,18.0
21.0,34.0,699.0,307.0,32.0,0.34,213.0,55.0,0.733,123.0,44.0,41.0,104.0,388.0,C,MIN,13.0,158.0,0.515,94.0,126.0,0.5920000000000001,75.0,39.0,162.0,21.0,38.0,403.0
23.0,8.0,23.0,6.0,0.0,0.0,6.0,5.0,0.833,4.0,0.0,0.0,4.0,389.0,PF,CHO,0.0,3.0,0.5,0.0,3.0,0.5,6.0,2.0,6.0,0.0,1.0,11.0
27.0,25.0,788.0,267.0,38.0,0.28800000000000003,135.0,55.0,0.948,60.0,63.0,6.0,70.0,390.0,SG,DAL,25.0,114.0,0.4270000000000001,132.0,76.0,0.563,58.0,22.0,82.0,23.0,37.0,321.0
28.0,21.0,442.0,135.0,28.0,0.364,58.0,10.0,0.7140000000000001,42.0,42.0,0.0,32.0,391.0,SG,NYK,2.0,58.0,0.43,77.0,30.0,0.517,14.0,5.0,47.0,12.0,22.0,154.0
29.0,5.0,63.0,14.0,1.0,0.125,6.0,1.0,0.5,8.0,4.0,1.0,4.0,392.0,SG,BRK,0.0,2.0,0.14300000000000002,8.0,1.0,0.16699999999999998,2.0,7.0,15.0,3.0,2.0,6.0
26.0,36.0,1202.0,352.0,117.0,0.391,53.0,42.0,0.84,140.0,58.0,8.0,90.0,393.0,SF,MIA,36.0,151.0,0.429,299.0,34.0,0.642,50.0,2.0,142.0,17.0,48.0,461.0
27.0,23.0,369.0,99.0,16.0,0.364,55.0,21.0,0.913,34.0,20.0,3.0,23.0,394.0,SF,SAC,2.0,42.0,0.424,44.0,26.0,0.473,23.0,11.0,45.0,4.0,11.0,121.0
23.0,13.0,221.0,67.0,9.0,0.29,36.0,15.0,0.882,31.0,18.0,2.0,21.0,395.0,SG,WAS,3.0,22.0,0.328,31.0,13.0,0.361,17.0,2.0,33.0,6.0,11.0,68.0
22.0,27.0,778.0,156.0,0.0,0.0,156.0,22.0,0.478,129.0,14.0,41.0,78.0,396.0,C,NYK,27.0,103.0,0.66,0.0,103.0,0.66,46.0,97.0,226.0,32.0,22.0,228.0
22.0,30.0,640.0,190.0,18.0,0.34,137.0,42.0,0.7240000000000001,117.0,53.0,17.0,82.0,397.0,PF,OKC,12.0,99.0,0.521,53.0,81.0,0.591,58.0,46.0,163.0,25.0,40.0,258.0
34.0,20.0,300.0,74.0,13.0,0.382,40.0,1.0,0.5,40.0,70.0,2.0,18.0,398.0,PG,ATL,2.0,29.0,0.392,34.0,16.0,0.4,2.0,4.0,44.0,12.0,27.0,72.0
32.0,25.0,588.0,293.0,23.0,0.377,232.0,63.0,0.851,48.0,112.0,10.0,29.0,399.0,PG,TOT,3.0,126.0,0.43,61.0,103.0,0.444,74.0,7.0,55.0,29.0,48.0,338.0
32.0,15.0,342.0,184.0,13.0,0.333,145.0,42.0,0.84,23.0,63.0,4.0,17.0,399.0,PG,DET,0.0,79.0,0.429,39.0,66.0,0.455,50.0,6.0,29.0,18.0,29.0,213.0
32.0,10.0,246.0,109.0,10.0,0.455,87.0,21.0,0.875,25.0,49.0,6.0,12.0,399.0,PG,NYK,3.0,47.0,0.431,22.0,37.0,0.425,24.0,1.0,26.0,11.0,19.0,125.0
29.0,35.0,1032.0,476.0,73.0,0.344,264.0,81.0,0.9,110.0,78.0,17.0,64.0,400.0,SG,ORL,2.0,195.0,0.41,212.0,122.0,0.462,90.0,12.0,122.0,39.0,58.0,544.0
26.0,33.0,1106.0,500.0,111.0,0.439,247.0,75.0,0.8240000000000001,109.0,106.0,12.0,65.0,401.0,SG,CHO,33.0,245.0,0.49,253.0,134.0,0.5429999999999999,91.0,18.0,127.0,46.0,68.0,676.0
30.0,34.0,863.0,236.0,27.0,0.329,154.0,61.0,0.8240000000000001,93.0,218.0,0.0,77.0,402.0,PG,MIN,19.0,92.0,0.39,82.0,65.0,0.422,74.0,14.0,107.0,42.0,70.0,272.0
24.0,20.0,583.0,326.0,59.0,0.399,178.0,48.0,0.75,43.0,101.0,10.0,39.0,403.0,PG,MIN,19.0,139.0,0.426,148.0,80.0,0.449,64.0,9.0,52.0,22.0,54.0,385.0
24.0,35.0,1278.0,522.0,32.0,0.333,426.0,147.0,0.7140000000000001,298.0,211.0,21.0,120.0,404.0,PF,IND,35.0,274.0,0.525,96.0,242.0,0.568,206.0,91.0,389.0,36.0,119.0,727.0
21.0,9.0,99.0,34.0,8.0,0.4,14.0,4.0,0.5,22.0,1.0,2.0,10.0,405.0,PF,SAS,1.0,15.0,0.441,20.0,7.0,0.5,8.0,6.0,28.0,3.0,6.0,42.0
27.0,15.0,97.0,32.0,1.0,0.2,27.0,8.0,0.8,21.0,1.0,3.0,11.0,406.0,PF,IND,0.0,15.0,0.469,5.0,14.0,0.519,10.0,8.0,29.0,2.0,6.0,39.0
26.0,17.0,307.0,143.0,23.0,0.377,82.0,34.0,0.919,54.0,22.0,3.0,33.0,407.0,C,PHO,0.0,69.0,0.483,61.0,46.0,0.561,37.0,14.0,68.0,14.0,21.0,195.0
29.0,23.0,476.0,112.0,19.0,0.487,73.0,26.0,0.897,52.0,102.0,4.0,27.0,408.0,SG,CHI,0.0,60.0,0.536,39.0,41.0,0.562,29.0,8.0,60.0,12.0,34.0,165.0
27.0,33.0,1030.0,393.0,33.0,0.317,289.0,113.0,0.831,97.0,148.0,8.0,88.0,409.0,SG,LAL,33.0,173.0,0.44,104.0,140.0,0.484,136.0,18.0,115.0,30.0,77.0,492.0
32.0,17.0,295.0,63.0,19.0,0.38,13.0,2.0,0.4,43.0,5.0,2.0,17.0,410.0,PF,PHI,4.0,26.0,0.413,50.0,7.0,0.5379999999999999,5.0,4.0,47.0,8.0,10.0,73.0
22.0,31.0,1127.0,563.0,52.0,0.4,433.0,147.0,0.8029999999999999,60.0,138.0,4.0,88.0,411.0,SG,CLE,31.0,274.0,0.487,130.0,222.0,0.513,183.0,21.0,81.0,36.0,91.0,747.0
23.0,33.0,650.0,216.0,58.0,0.358,54.0,33.0,0.868,56.0,37.0,5.0,42.0,412.0,SG,BRK,0.0,83.0,0.384,162.0,25.0,0.463,38.0,5.0,61.0,15.0,26.0,257.0
30.0,2.0,11.0,4.0,0.0,0.0,1.0,0.0,0.0,0.0,0.0,0.0,0.0,413.0,SG,BRK,0.0,1.0,0.25,3.0,1.0,1.0,0.0,1.0,1.0,1.0,1.0,2.0
26.0,30.0,1075.0,490.0,36.0,0.295,368.0,122.0,0.8190000000000001,166.0,143.0,21.0,93.0,414.0,PF,TOR,30.0,222.0,0.453,122.0,186.0,0.505,149.0,58.0,224.0,35.0,65.0,602.0
24.0,6.0,53.0,9.0,1.0,1.0,8.0,10.0,0.833,11.0,6.0,2.0,14.0,415.0,PF,MIA,0.0,6.0,0.667,1.0,5.0,0.625,12.0,7.0,18.0,1.0,8.0,23.0
24.0,31.0,1051.0,332.0,2.0,0.28600000000000003,325.0,112.0,0.6709999999999999,191.0,236.0,22.0,96.0,416.0,PG,PHI,31.0,192.0,0.578,7.0,190.0,0.585,167.0,54.0,245.0,49.0,104.0,498.0
21.0,32.0,543.0,220.0,65.0,0.411,62.0,22.0,0.846,72.0,41.0,5.0,55.0,417.0,SG,POR,0.0,87.0,0.395,158.0,22.0,0.355,26.0,6.0,78.0,6.0,27.0,261.0
20.0,5.0,8.0,3.0,0.0,0.0,0.0,1.0,0.5,1.0,1.0,0.0,1.0,418.0,SG,DET,0.0,0.0,0.0,3.0,0.0,0.0,2.0,0.0,1.0,0.0,0.0,1.0
26.0,17.0,549.0,188.0,28.0,0.311,98.0,46.0,0.742,40.0,103.0,9.0,39.0,419.0,PG,BOS,17.0,74.0,0.394,90.0,46.0,0.469,62.0,7.0,47.0,31.0,30.0,222.0
23.0,15.0,275.0,109.0,14.0,0.318,65.0,11.0,0.7859999999999999,30.0,49.0,8.0,23.0,420.0,PG,TOT,7.0,42.0,0.385,44.0,28.0,0.431,14.0,10.0,40.0,18.0,17.0,109.0
23.0,3.0,28.0,10.0,0.0,0.0,6.0,5.0,0.833,2.0,3.0,0.0,4.0,420.0,PG,NYK,0.0,2.0,0.2,4.0,2.0,0.333,6.0,0.0,2.0,3.0,1.0,9.0
23.0,12.0,247.0,99.0,14.0,0.35,59.0,6.0,0.75,28.0,46.0,8.0,19.0,420.0,PG,DET,7.0,40.0,0.404,40.0,26.0,0.441,8.0,10.0,38.0,15.0,16.0,100.0
32.0,19.0,391.0,116.0,5.0,0.25,96.0,6.0,0.4,56.0,90.0,4.0,18.0,421.0,PG,WAS,1.0,44.0,0.379,20.0,39.0,0.406,15.0,10.0,66.0,15.0,19.0,99.0
20.0,11.0,57.0,19.0,2.0,0.25,11.0,0.0,0.0,6.0,2.0,2.0,4.0,422.0,PF,PHO,0.0,7.0,0.368,8.0,5.0,0.455,2.0,5.0,11.0,0.0,1.0,16.0
29.0,23.0,420.0,85.0,35.0,0.565,23.0,0.0,0.0,36.0,27.0,7.0,31.0,423.0,SG,ATL,6.0,41.0,0.482,62.0,6.0,0.261,0.0,11.0,47.0,3.0,13.0,117.0
23.0,2.0,19.0,4.0,0.0,0.0,3.0,0.0,0.0,2.0,0.0,2.0,3.0,424.0,C,HOU,0.0,2.0,0.5,1.0,2.0,0.667,2.0,2.0,4.0,0.0,3.0,4.0
21.0,8.0,23.0,7.0,1.0,0.5,5.0,4.0,0.8,1.0,0.0,2.0,7.0,425.0,SG,IND,0.0,2.0,0.28600000000000003,2.0,1.0,0.2,5.0,2.0,3.0,0.0,1.0,9.0
23.0,24.0,346.0,94.0,2.0,0.118,77.0,23.0,0.7190000000000001,51.0,23.0,8.0,35.0,426.0,PF,CLE,0.0,38.0,0.404,17.0,36.0,0.468,32.0,12.0,63.0,11.0,15.0,101.0
19.0,34.0,626.0,146.0,1.0,0.2,141.0,22.0,0.688,116.0,24.0,34.0,88.0,427.0,C,DET,2.0,81.0,0.555,5.0,80.0,0.5670000000000001,32.0,80.0,196.0,18.0,30.0,185.0
24.0,19.0,283.0,103.0,31.0,0.365,18.0,10.0,0.7140000000000001,18.0,10.0,0.0,24.0,428.0,SF,MIA,0.0,47.0,0.456,85.0,16.0,0.889,14.0,2.0,20.0,3.0,3.0,135.0
25.0,22.0,251.0,82.0,9.0,0.34600000000000003,56.0,20.0,0.741,23.0,10.0,2.0,26.0,429.0,SG,IND,4.0,42.0,0.512,26.0,33.0,0.589,27.0,8.0,31.0,13.0,17.0,113.0
25.0,34.0,933.0,252.0,22.0,0.319,183.0,43.0,0.754,115.0,57.0,18.0,104.0,430.0,SF,HOU,22.0,135.0,0.536,69.0,113.0,0.617,57.0,64.0,179.0,32.0,40.0,335.0
22.0,31.0,1110.0,638.0,81.0,0.368,418.0,134.0,0.8590000000000001,201.0,138.0,15.0,60.0,431.0,SF,BOS,31.0,279.0,0.4370000000000001,220.0,198.0,0.474,156.0,18.0,219.0,42.0,79.0,773.0
32.0,28.0,506.0,158.0,19.0,0.422,113.0,43.0,0.8959999999999999,39.0,59.0,5.0,34.0,432.0,PG,BOS,4.0,59.0,0.373,45.0,40.0,0.354,48.0,7.0,46.0,23.0,32.0,180.0
34.0,33.0,936.0,250.0,45.0,0.344,119.0,31.0,0.816,87.0,68.0,18.0,77.0,433.0,SG,CHI,12.0,107.0,0.428,131.0,62.0,0.521,38.0,20.0,107.0,31.0,33.0,290.0
20.0,11.0,56.0,16.0,0.0,0.0,9.0,1.0,0.333,6.0,6.0,0.0,2.0,434.0,PG,DAL,0.0,5.0,0.312,7.0,5.0,0.556,3.0,0.0,6.0,5.0,2.0,11.0
28.0,34.0,827.0,220.0,27.0,0.37,147.0,40.0,0.667,127.0,46.0,38.0,98.0,435.0,C,BOS,29.0,124.0,0.564,73.0,97.0,0.66,60.0,43.0,170.0,21.0,35.0,315.0
24.0,4.0,24.0,7.0,1.0,0.16699999999999998,1.0,5.0,0.7140000000000001,3.0,4.0,1.0,5.0,436.0,SG,HOU,0.0,2.0,0.28600000000000003,6.0,1.0,1.0,7.0,1.0,4.0,1.0,4.0,10.0
26.0,21.0,145.0,46.0,12.0,0.387,15.0,5.0,0.833,13.0,9.0,0.0,8.0,437.0,SG,TOR,0.0,18.0,0.391,31.0,6.0,0.4,6.0,1.0,14.0,2.0,5.0,53.0
29.0,34.0,774.0,209.0,0.0,0.0,206.0,48.0,0.632,178.0,33.0,13.0,72.0,438.0,PF,BOS,29.0,111.0,0.531,3.0,111.0,0.539,76.0,105.0,283.0,12.0,31.0,270.0
26.0,11.0,53.0,13.0,3.0,0.5,7.0,0.0,0.0,2.0,2.0,0.0,3.0,439.0,SG,NOP,1.0,6.0,0.462,6.0,3.0,0.429,2.0,1.0,3.0,4.0,2.0,15.0
23.0,33.0,596.0,106.0,17.0,0.262,41.0,8.0,0.5710000000000001,36.0,31.0,30.0,66.0,440.0,SG,PHI,2.0,39.0,0.368,65.0,22.0,0.537,14.0,12.0,48.0,46.0,13.0,103.0
22.0,2.0,21.0,4.0,1.0,0.5,2.0,0.0,0.0,1.0,0.0,0.0,5.0,441.0,C,MEM,0.0,1.0,0.25,2.0,0.0,0.0,0.0,1.0,2.0,1.0,1.0,3.0
22.0,27.0,551.0,158.0,10.0,0.28600000000000003,123.0,17.0,0.7390000000000001,85.0,45.0,16.0,64.0,442.0,PF,MEM,7.0,81.0,0.513,35.0,71.0,0.5770000000000001,23.0,40.0,125.0,25.0,24.0,189.0
22.0,27.0,342.0,107.0,13.0,0.295,63.0,10.0,0.7140000000000001,58.0,15.0,10.0,28.0,443.0,PF,NYK,0.0,52.0,0.486,44.0,39.0,0.619,14.0,9.0,67.0,8.0,15.0,127.0
27.0,23.0,474.0,94.0,15.0,0.429,59.0,13.0,0.722,87.0,51.0,12.0,48.0,444.0,SG,GSW,13.0,53.0,0.564,35.0,38.0,0.644,18.0,16.0,103.0,13.0,26.0,134.0
25.0,16.0,524.0,255.0,30.0,0.375,175.0,70.0,0.909,127.0,63.0,27.0,60.0,445.0,C,MIN,16.0,126.0,0.494,80.0,96.0,0.5489999999999999,77.0,48.0,175.0,14.0,51.0,352.0
22.0,33.0,1030.0,433.0,101.0,0.406,184.0,35.0,0.778,52.0,49.0,5.0,53.0,446.0,SG,POR,20.0,183.0,0.423,249.0,82.0,0.446,45.0,19.0,71.0,25.0,24.0,502.0
35.0,32.0,959.0,131.0,27.0,0.314,45.0,18.0,0.7829999999999999,115.0,45.0,18.0,91.0,447.0,PF,HOU,32.0,48.0,0.366,86.0,21.0,0.467,23.0,33.0,148.0,29.0,33.0,141.0
24.0,33.0,1038.0,322.0,48.0,0.314,169.0,84.0,0.778,171.0,30.0,111.0,117.0,448.0,C,IND,33.0,156.0,0.484,153.0,108.0,0.639,108.0,45.0,216.0,34.0,45.0,444.0
28.0,27.0,733.0,317.0,10.0,0.35700000000000004,289.0,68.0,0.7559999999999999,213.0,47.0,17.0,83.0,449.0,C,MEM,26.0,171.0,0.539,28.0,161.0,0.557,90.0,93.0,306.0,16.0,56.0,420.0
27.0,30.0,591.0,248.0,49.0,0.348,107.0,6.0,1.0,110.0,54.0,1.0,36.0,450.0,SG,CHI,3.0,93.0,0.375,141.0,44.0,0.411,6.0,12.0,122.0,22.0,18.0,241.0
21.0,34.0,652.0,139.0,1.0,0.5,137.0,35.0,0.556,133.0,52.0,22.0,73.0,451.0,PF,MIN,17.0,85.0,0.612,2.0,84.0,0.613,63.0,62.0,195.0,38.0,35.0,206.0
26.0,34.0,1249.0,565.0,114.0,0.383,267.0,118.0,0.894,128.0,224.0,27.0,83.0,452.0,SG,TOR,34.0,226.0,0.4,298.0,112.0,0.419,132.0,23.0,151.0,58.0,69.0,684.0
20.0,26.0,451.0,126.0,25.0,0.397,63.0,18.0,0.857,67.0,28.0,9.0,32.0,453.0,SF,SAS,1.0,50.0,0.397,63.0,25.0,0.397,21.0,16.0,83.0,29.0,12.0,143.0
24.0,25.0,375.0,143.0,23.0,0.258,54.0,19.0,0.905,24.0,31.0,2.0,46.0,454.0,PG,MIA,5.0,52.0,0.364,89.0,29.0,0.537,21.0,3.0,27.0,12.0,20.0,146.0
25.0,4.0,11.0,3.0,0.0,0.0,1.0,0.0,0.0,1.0,1.0,0.0,2.0,455.0,PF,BRK,0.0,0.0,0.0,2.0,0.0,0.0,0.0,0.0,1.0,0.0,2.0,0.0
30.0,36.0,1220.0,735.0,96.0,0.412,502.0,80.0,0.851,348.0,134.0,23.0,62.0,456.0,C,ORL,36.0,355.0,0.483,233.0,259.0,0.516,94.0,69.0,417.0,36.0,60.0,886.0
24.0,28.0,320.0,74.0,22.0,0.423,22.0,8.0,0.667,47.0,18.0,5.0,23.0,457.0,PF,CLE,5.0,33.0,0.446,52.0,11.0,0.5,12.0,13.0,60.0,6.0,12.0,96.0
23.0,22.0,315.0,105.0,12.0,0.343,70.0,33.0,0.75,55.0,26.0,6.0,50.0,458.0,C,WAS,11.0,56.0,0.5329999999999999,35.0,44.0,0.629,44.0,11.0,66.0,16.0,14.0,157.0
30.0,20.0,600.0,317.0,59.0,0.366,156.0,64.0,0.914,64.0,91.0,7.0,27.0,459.0,PG,BOS,20.0,123.0,0.388,161.0,64.0,0.41,70.0,8.0,72.0,21.0,44.0,369.0
22.0,30.0,819.0,316.0,53.0,0.358,168.0,32.0,0.8,80.0,53.0,13.0,64.0,460.0,SG,SAS,27.0,127.0,0.402,148.0,74.0,0.44,40.0,6.0,86.0,15.0,32.0,339.0
30.0,25.0,793.0,443.0,51.0,0.34,293.0,99.0,0.7440000000000001,70.0,151.0,18.0,29.0,461.0,PG,HOU,25.0,188.0,0.424,150.0,137.0,0.468,133.0,11.0,81.0,22.0,83.0,526.0
31.0,37.0,599.0,162.0,13.0,0.232,106.0,49.0,0.8909999999999999,54.0,99.0,6.0,51.0,462.0,PG,GSW,0.0,58.0,0.358,56.0,45.0,0.425,55.0,8.0,62.0,26.0,35.0,178.0
27.0,4.0,117.0,51.0,0.0,0.0,44.0,8.0,0.8,12.0,5.0,0.0,16.0,463.0,SF,IND,4.0,27.0,0.529,7.0,27.0,0.614,10.0,2.0,14.0,2.0,4.0,62.0
22.0,31.0,910.0,305.0,42.0,0.385,196.0,70.0,0.778,151.0,90.0,36.0,83.0,464.0,PF,CHO,31.0,137.0,0.449,109.0,95.0,0.485,90.0,45.0,196.0,34.0,65.0,386.0
26.0,22.0,268.0,60.0,12.0,0.364,27.0,8.0,1.0,53.0,8.0,12.0,23.0,465.0,SF,TOR,1.0,20.0,0.333,33.0,8.0,0.29600000000000004,8.0,18.0,71.0,9.0,8.0,60.0
23.0,10.0,98.0,31.0,6.0,0.4,16.0,7.0,0.875,6.0,30.0,0.0,6.0,466.0,PG,BOS,1.0,10.0,0.32299999999999995,15.0,4.0,0.25,8.0,2.0,8.0,6.0,13.0,33.0
26.0,16.0,74.0,20.0,9.0,0.529,3.0,0.0,0.0,12.0,2.0,2.0,9.0,467.0,SF,TOR,0.0,10.0,0.5,17.0,1.0,0.333,0.0,2.0,14.0,0.0,1.0,29.0
24.0,5.0,24.0,5.0,0.0,0.0,4.0,2.0,1.0,2.0,3.0,0.0,7.0,468.0,SG,SAS,0.0,1.0,0.2,1.0,1.0,0.25,2.0,0.0,2.0,1.0,6.0,4.0
32.0,27.0,923.0,493.0,30.0,0.294,391.0,95.0,0.583,219.0,265.0,9.0,79.0,469.0,PG,WAS,27.0,211.0,0.428,102.0,181.0,0.463,163.0,44.0,263.0,31.0,130.0,547.0
20.0,34.0,1130.0,479.0,81.0,0.354,250.0,69.0,0.8959999999999999,155.0,171.0,5.0,86.0,470.0,PG,CHI,34.0,201.0,0.42,229.0,120.0,0.48,77.0,17.0,172.0,12.0,80.0,552.0
26.0,8.0,189.0,86.0,15.0,0.341,42.0,11.0,0.733,13.0,31.0,8.0,18.0,471.0,SG,SAS,4.0,34.0,0.395,44.0,19.0,0.452,15.0,1.0,14.0,8.0,7.0,94.0
31.0,23.0,335.0,138.0,0.0,0.0,137.0,30.0,0.545,96.0,11.0,30.0,42.0,472.0,C,SAC,1.0,80.0,0.58,1.0,80.0,0.584,55.0,36.0,132.0,6.0,24.0,190.0
27.0,2.0,8.0,2.0,0.0,0.0,0.0,0.0,0.0,0.0,0.0,0.0,0.0,473.0,PF,DEN,0.0,0.0,0.0,2.0,0.0,0.0,0.0,0.0,0.0,0.0,0.0,0.0
25.0,37.0,1193.0,521.0,65.0,0.35100000000000003,336.0,82.0,0.672,127.0,81.0,40.0,85.0,474.0,PF,GSW,37.0,241.0,0.463,185.0,176.0,0.524,122.0,38.0,165.0,30.0,69.0,629.0
22.0,28.0,517.0,115.0,26.0,0.433,55.0,15.0,0.517,54.0,25.0,11.0,79.0,475.0,PF,BOS,6.0,54.0,0.47,60.0,28.0,0.509,29.0,27.0,81.0,13.0,27.0,149.0
26.0,36.0,681.0,168.0,21.0,0.42,118.0,15.0,0.625,97.0,59.0,7.0,64.0,476.0,PF,OKC,6.0,93.0,0.5539999999999999,50.0,72.0,0.61,24.0,48.0,145.0,28.0,33.0,222.0
34.0,35.0,794.0,374.0,39.0,0.398,276.0,83.0,0.865,67.0,130.0,3.0,34.0,477.0,PG,LAC,3.0,158.0,0.422,98.0,119.0,0.431,96.0,14.0,81.0,30.0,57.0,438.0
19.0,33.0,939.0,268.0,30.0,0.39,191.0,52.0,0.7879999999999999,129.0,39.0,25.0,75.0,478.0,PF,CHI,33.0,127.0,0.474,77.0,97.0,0.508,66.0,30.0,159.0,24.0,49.0,336.0
23.0,29.0,468.0,122.0,0.0,0.0,121.0,25.0,0.6409999999999999,104.0,31.0,42.0,53.0,479.0,C,BOS,0.0,88.0,0.721,1.0,88.0,0.727,39.0,66.0,170.0,26.0,28.0,201.0
20.0,34.0,1126.0,546.0,6.0,0.316,527.0,194.0,0.695,152.0,117.0,24.0,82.0,480.0,PF,NOP,34.0,335.0,0.614,19.0,329.0,0.624,279.0,93.0,245.0,32.0,88.0,870.0
24.0,11.0,99.0,41.0,9.0,0.34600000000000003,15.0,1.0,0.5,20.0,3.0,4.0,12.0,481.0,PF,MIL,0.0,15.0,0.366,26.0,6.0,0.4,2.0,3.0,23.0,1.0,4.0,40.0
24.0,22.0,417.0,103.0,23.0,0.365,40.0,21.0,0.8079999999999999,73.0,28.0,10.0,29.0,482.0,SF,CLE,0.0,47.0,0.456,63.0,24.0,0.6,26.0,17.0,90.0,15.0,22.0,138.0
24.0,6.0,134.0,64.0,3.0,0.2,49.0,6.0,0.6,26.0,9.0,4.0,18.0,483.0,SF,MEM,0.0,24.0,0.375,15.0,21.0,0.429,10.0,5.0,31.0,3.0,10.0,57.0
22.0,6.0,44.0,10.0,3.0,0.429,3.0,2.0,1.0,4.0,6.0,1.0,4.0,484.0,PG,WAS,0.0,4.0,0.4,7.0,1.0,0.333,2.0,0.0,4.0,0.0,1.0,13.0
19.0,26.0,541.0,247.0,10.0,0.37,220.0,44.0,0.629,118.0,17.0,28.0,84.0,485.0,C,GSW,17.0,126.0,0.51,27.0,116.0,0.527,70.0,36.0,154.0,9.0,38.0,306.0
25.0,17.0,530.0,267.0,32.0,0.421,191.0,44.0,0.688,143.0,22.0,26.0,32.0,486.0,C,HOU,17.0,149.0,0.5579999999999999,76.0,117.0,0.613,64.0,31.0,174.0,16.0,31.0,374.0
21.0,6.0,17.0,11.0,1.0,0.333,8.0,0.0,0.0,5.0,0.0,0.0,0.0,487.0,SF,SAC,0.0,6.0,0.545,3.0,5.0,0.625,2.0,3.0,8.0,0.0,1.0,13.0
28.0,29.0,848.0,235.0,28.0,0.384,162.0,62.0,0.785,101.0,141.0,15.0,32.0,488.0,SG,DET,24.0,110.0,0.468,73.0,82.0,0.506,79.0,32.0,133.0,42.0,35.0,310.0
32.0,30.0,760.0,274.0,5.0,0.227,252.0,23.0,0.5,105.0,131.0,17.0,81.0,489.0,PF,CHI,0.0,167.0,0.609,22.0,162.0,0.643,46.0,71.0,176.0,42.0,56.0,362.0
22.0,34.0,1182.0,610.0,85.0,0.378,385.0,288.0,0.878,117.0,321.0,8.0,70.0,490.0,PG,ATL,34.0,262.0,0.43,225.0,177.0,0.46,328.0,25.0,142.0,30.0,149.0,897.0
28.0,18.0,421.0,142.0,3.0,0.158,123.0,25.0,0.758,90.0,44.0,11.0,47.0,491.0,C,CHO,15.0,73.0,0.514,19.0,70.0,0.569,33.0,46.0,136.0,11.0,20.0,174.0
23.0,38.0,753.0,182.0,0.0,0.0,181.0,71.0,0.826,176.0,43.0,30.0,228.0,492.0,C,LAC,1.0,120.0,0.659,1.0,120.0,0.6629999999999999,86.0,90.0,266.0,14.0,39.0,311.0
